wealth_multiplier,run_id,mean_reversion_beta,mean_reversion_alpha,mean_reversion_r2,price_variance,log_deviation_variance,final_price,volatility
0.5,0,-0.029067251193771387,-0.00023334177068872004,0.01458428780251042,1.7101910082908927,0.00017496344385462491,98.71474370094757,0.003186298345445873
0.5,1,-0.011994349882530597,0.0002139071322519757,0.004152637868319209,3.669837109396333,0.00034777711334130494,97.43284413864515,0.003451340342026364
0.5,2,0.000584107935629432,0.00014765240286641537,3.0523543806282305e-05,10.475702373676773,0.0010506972592753295,107.35791173424586,0.0034091580616959134
0.5,3,-0.022767928756854777,-0.00030117062923298805,0.011447025632825292,2.354339939412401,0.0002391295585287489,97.88817547937475,0.003292664911278412
0.5,4,-0.015401927352338467,-0.00010406839484583313,0.006082766219218438,2.6218692913671404,0.0002651213746151383,96.54798032212058,0.003205538551429435
0.5,5,-0.013045197423966832,-0.0001992864841010026,0.005067247606755476,3.1496926802932714,0.00032566643670437477,102.11215159810045,0.003294668637917449
0.5,6,-0.017376636117818933,-9.932507151580938e-05,0.008680770266288218,3.2721587990087557,0.0003350377771729034,100.04235168494792,0.0034167928466779275
0.5,7,-0.0063236041572289165,-0.00019033370447798742,0.0030769975671841587,8.277723937717852,0.0008845498785050502,100.24015701614437,0.0033896463369825773
0.5,8,-0.012333262514912631,8.810215136617326e-05,0.006078536882952901,4.377675864171308,0.00042774812334871534,99.60842934285968,0.0032739226028089545
0.5,9,-0.01321817453749373,-0.00036256959781969786,0.006003508957273973,3.5552397038293777,0.00036907510174971294,95.14688580336659,0.0032727465757990083
0.5,10,-0.020987742347108887,-0.0003978327953463402,0.009855270813348138,2.4960907560930776,0.0002595834866438054,100.75251156003183,0.003399921494990208
0.5,11,-0.013570349544709112,-0.00014971648718672845,0.006805859149487836,4.116819936513184,0.00041620030686120987,98.3879839695301,0.003358730064632232
0.5,12,-0.016527729489208574,-0.00015850626711232436,0.008369409962223129,3.4867223955508235,0.0003553051633613781,99.1992065668737,0.0034087947914330607
0.5,13,-0.005351856527590155,0.00013919725915886803,0.0022591129326470227,8.839336066356733,0.0008602077255309777,104.2375917332976,0.0033020758027488078
0.5,14,-0.024779092072012218,-0.000474894952106537,0.011747632017719334,2.2598767875835724,0.0002329057667294398,96.09322810700812,0.0034839284044506816
0.5,15,-0.01665960136758539,-0.00046871783180446613,0.008955408954962607,3.5545495193167254,0.0003673064559060638,96.48176378326795,0.0033759923592210695
0.5,16,-0.01695406421713583,-0.0003532683304886732,0.008983097329449019,3.438082543738087,0.0003599611729018476,98.57779870506063,0.0033969982249871323
0.5,17,-0.010306020095592684,-0.0001800759872454058,0.0052704956791292945,5.623487200512154,0.0005896590610934026,99.52299931136719,0.0034498382302376126
0.5,18,-0.03742176233991489,0.0006444603513995794,0.019119560429268656,1.4833672380789502,0.00014337006275545088,100.37868579346214,0.00323980348875065
0.5,19,-0.02030177168535544,0.00044428872315381465,0.007185160808850122,2.1551003553299104,0.00020854241016645764,106.22449094300298,0.0034292728740233738
0.5,20,-0.016632153413810687,-0.00043875375020438874,0.0080759869681728,3.2511339622007127,0.0003362738711016672,95.54839350222164,0.0033911612852801747
0.5,21,-0.009401494121114337,-0.00021474022300181072,0.004488034986287248,5.483545613494007,0.0005624631336625488,96.38103775114097,0.00332875582814548
0.5,22,-0.010920718787330287,8.357042586730907e-05,0.005254464481226573,4.605628271228829,0.00045360930526343606,99.24630638941336,0.003209956376648014
0.5,23,-0.015567054302435183,-3.034392946938617e-05,0.0072154534430456385,3.60562404155988,0.0003609023598977957,101.74108839783621,0.0034805837546953047
0.5,24,-0.02042677404406053,-0.0001959808361078368,0.01004611627549945,2.66961058891811,0.0002709282954407676,98.02576019713872,0.0033559888733641157
0.5,25,-0.014695233659495325,-0.00021943928937688298,0.005604237702288795,2.549268121577805,0.0002623922209245035,102.12031726522167,0.003164690686108374
0.5,26,-0.02120676865824931,-0.00048622869440476883,0.011354537242048823,2.8643223366409902,0.00029716889030510275,97.62700802263956,0.0034340750487523585
0.5,27,-0.011159610498161042,-0.00011234077234447567,0.00561887550174589,5.221666233996086,0.0005301570180964382,99.75570117100182,0.0034309875348931124
0.5,28,-0.01279347387691945,-0.00017636706733145131,0.006549851627153047,4.729583108369254,0.00048042508137372236,99.05318926966481,0.0034682733762596884
0.5,29,-0.01970450851157477,0.000517553073082857,0.010820445657110267,3.330484744944938,0.00031434361674660607,102.6313541929401,0.0033618049310204837
0.5,30,-0.026633123347090868,-0.00026529550520117487,0.013494323121146401,2.3354702284888726,0.00023878454967112152,99.28681504748465,0.003546296686407732
0.5,31,-0.007111992345405967,-0.0002946448231190938,0.0031177159087860673,5.9997695090053815,0.0006326113616923398,94.1909558086798,0.00320054110265162
0.5,32,-0.013116679916219284,-0.00011499652800315035,0.005778916077891827,4.254002928014059,0.0004284751513642329,96.87704180096411,0.0035687423626586897
0.5,33,-0.031188999444190353,0.000570963493455468,0.015321915038468359,1.6375213099496042,0.00015747552839788306,99.77807079745777,0.0031565084732448363
0.5,34,-0.030484254769562492,-0.00024737636889174554,0.012844791535882139,1.5361709659613962,0.0001561343347907796,96.46585882158679,0.0033446043852217748
0.5,35,-0.022594596836372327,-2.964054176333924e-05,0.011227010866148857,2.1864243238908005,0.00021815081818045784,100.41361621079831,0.0031522359575011792
0.5,36,-0.017578348246031255,-0.00028356511233690264,0.006227218530062917,2.0790500587368412,0.0002150924449663234,102.48271208964182,0.0032414632558448626
0.5,37,-0.007469508764899152,-0.00019532106638373313,0.0028668566080458646,6.4244640115455365,0.0006763700990660956,101.89130261986314,0.0036183811506067514
0.5,38,-0.014855928747878925,1.830254661965393e-05,0.007376340576798257,3.749998782831351,0.00037855787582311874,100.66507897829689,0.003368487253759718
0.5,39,-0.005678944751942501,-2.850062245369149e-05,0.0025654540602265685,8.724123496570716,0.0008727404305276747,97.93986997177001,0.0033135762377493596
0.5,40,-0.0377094714910366,-0.0004389838740201776,0.018486599062284337,1.3528336026872676,0.00013793830430720898,97.54548645406982,0.0032556287252530534
0.5,41,-0.022713186153310947,0.0005132063917534327,0.011887794430827325,2.8017004628495408,0.0002654816349193757,100.7387711958239,0.0033949372488553484
0.5,42,-0.011800288082646448,8.034882027824276e-05,0.005631442225150218,4.533134914829415,0.00044126583104178745,101.98317314340345,0.0033045407518850624
0.5,43,-0.009971375538697666,-0.00019248025865601436,0.004435034222337375,5.106400424776361,0.0005185525436633198,96.15114966836789,0.003407924278364226
0.5,44,-0.02953153907792732,-0.00040594831174183737,0.014980119150505566,1.8533832247228903,0.0001905595769028955,97.93648168895021,0.0033328327224462374
0.5,45,-0.006156608235933725,0.00010465443360133476,0.003135957531764433,9.234618344140985,0.000892976557251069,101.71776802446107,0.003288487183234182
0.5,46,-0.01083441309097787,6.0391561923206945e-05,0.00505559903833086,5.543901603283687,0.0005523866684336779,102.24705769390684,0.0035820966948766826
0.5,47,-0.019535241148873058,0.000447025709167265,0.010410832404523673,3.0462318995373554,0.0002940636646449096,101.08916105516245,0.0032851480289192198
0.5,48,-0.008392142015554478,-3.943040169159016e-05,0.00419776904070579,6.741336542276136,0.000682036689618009,99.39029815704956,0.003386077556105146
0.5,49,-0.013611911224564933,-8.296249508525365e-05,0.004627389819118699,2.728365252037005,0.00028064818782542274,103.3179627546245,0.003332885367732444
0.5,50,-0.01247488747387481,0.00012121985637664448,0.006203740940213254,4.496858049069551,0.00043814791327399154,101.62641471296239,0.003317987324045922
0.5,51,-0.020230732775410872,0.00011620396770980022,0.01002132042749826,2.8380584492417555,0.0002790001663277021,99.66029888922795,0.0033778965793594407
0.5,52,-0.03671594645054362,-0.0004901890366259167,0.017650226781181444,1.6583273566150056,0.0001695020873608868,96.91912350032212,0.0035934577143513936
0.5,53,-0.03821599299344539,-0.00012438366123339502,0.019104850703727805,1.3142225879414668,0.0001329007238370646,99.39889493645484,0.003190366573135141
0.5,54,-0.014752284048103055,0.0003689366327631525,0.007973065979343441,4.649193428504584,0.0004460769951149265,102.02363427045168,0.0034928607654281475
0.5,55,-0.015219097654502668,-0.00022348657812125956,0.005971982778474216,2.6497479197863227,0.0002716220161029067,95.7251487368835,0.003234534559335673
0.5,56,-0.010261368569668963,-9.13013382638545e-05,0.005014372466332517,4.761178066616406,0.0004894958577475316,100.47797340031704,0.0032078756660077114
0.5,57,-0.035745909478190785,-3.396569022438436e-05,0.01733277943283762,1.5979994920074012,0.00016088840267223188,101.19367687422965,0.0034434934159950415
0.5,58,-0.012365887357673386,-0.00032269136864655296,0.005990525379197531,4.5587314551624125,0.0004834329142583376,100.33824831257787,0.0035098315624396185
0.5,59,-0.01339172346227224,-0.0003101140110246071,0.007006515258153656,4.329496150247931,0.0004484332019230402,97.18823409528862,0.003390623185958299
0.5,60,-0.0073582521921333015,-0.00016568285251293967,0.0033262642294291656,5.979949134802062,0.0006218301456242285,96.31227753109509,0.0031814223993168653
0.5,61,-0.029263088106272407,-0.0005479617714790362,0.014054003777118074,1.825771851142764,0.0001888792974535664,96.25048909095463,0.00338706151989053
0.5,62,-0.009627740245178559,0.00015934352453208177,0.004982868966492027,5.75002969745321,0.0005637728929645184,101.44320315754435,0.003241686538570683
0.5,63,-0.018402046270860294,-2.0025693083769923e-05,0.009181123118636059,2.8869138028024532,0.0002899577075480928,99.59010423880589,0.0032734244163782297
0.5,64,-0.00991640592279102,-0.0001700384224472885,0.003556576420525537,4.233969416210762,0.000430567133656429,95.23208331254378,0.0034399153634014235
0.5,65,-0.0081431015679348,-0.00019037111554939546,0.003742127400632178,5.9350606116011875,0.0006044238963550263,96.18787310214191,0.003272549451565145
0.5,66,-0.005102640059164655,-1.4068207594987156e-05,0.0022406425755654436,9.215988107397614,0.000903159283969986,97.96761804982657,0.0032404495865898395
0.5,67,-0.009777648381680673,0.0001463144756572852,0.003023607868008038,3.7490279958077273,0.00037120976652589154,105.30449370856448,0.0034086990696245677
0.5,68,-0.005929816840529635,-6.724560403192423e-05,0.002093872797929497,6.920384786806518,0.0006802234299085542,96.16591589740742,0.003374861833208152
0.5,69,-0.04865243800687319,0.0004993946927841345,0.02244573660648097,1.004533082116431,9.820469218802212e-05,103.13675508566753,0.003205628433823054
0.5,70,-0.01869633188931934,-0.00023605582981051543,0.009068912599509926,2.871680486226959,0.00029078480807553226,97.42228601740507,0.003348141686962808
0.5,71,-0.017675392650909828,-9.059146748471435e-05,0.008714803679756411,3.0538526587601886,0.0003070737644731946,98.6955026811911,0.0033202375927377345
0.5,72,-0.03860705208812268,-0.0001182790102303359,0.017632505765530326,1.3862378675290834,0.00013893741945269114,101.89774964062892,0.0034175970354688168
0.5,73,-0.04174186030519717,-0.0002103315353214183,0.0209554972350664,1.2460627108667468,0.0001258685375042945,99.4055545543687,0.0032382554432515013
0.5,74,-0.003994570059741666,9.744261674531645e-05,0.0008391409165706687,5.890922679750327,0.000591168888834487,105.56608481813471,0.0033377735364691096
0.5,75,-0.011233712927649771,-0.00019032290760699554,0.005230794802530303,3.8797707210338577,0.00040817370611212424,100.7658107843757,0.003136040197273554
0.5,76,-0.011111464172464438,0.0004215197825651751,0.004743431713221002,5.272976590751457,0.00048357392212009475,98.98947479250847,0.0035330187482243386
0.5,77,-0.017693656536071502,-0.00012550800206106966,0.0072411971302103195,2.3772436323150306,0.0002412640670602607,102.2748869818638,0.003219073691025889
0.5,78,-0.0159654411913632,-0.0001596831760379409,0.008101508859547635,3.0192264336526815,0.0003100924134070738,98.95874392616172,0.0031266110401720923
0.5,79,-0.0559682065316853,0.00027828802573880314,0.028057318893583205,0.8349380948941071,8.236671762429646e-05,100.79006107846273,0.00303511915005686
0.5,80,-0.015110536248700292,-0.0001490458265889209,0.007661168509486949,3.4497353736280143,0.00035157866009727243,99.39000217114432,0.003240169510074016
0.5,81,-0.05891504717985652,-0.0006432914382348411,0.0280201052929957,0.7687873842502086,7.869909586402956e-05,100.78433712157504,0.0031111020791593025
0.5,82,-0.009025972543331219,-3.8221564051014966e-05,0.004500711685535341,5.763217078779404,0.0005745294275608084,99.27928363304267,0.003227961204694185
0.5,83,-0.016821283755541885,-0.0002631763075888122,0.008484507529825103,3.8585736851601165,0.0003946691090393354,99.79979712451814,0.003629942442644936
0.5,84,-0.015035770493292296,-3.0457074670764973e-05,0.006718574074674022,3.4054060795767573,0.00033445812781753974,97.68927230902202,0.003352091469668782
0.5,85,-0.008513183268956443,-0.0001447485274203953,0.0034830195639565797,5.397022814298656,0.0005515868535614965,96.02148482525989,0.0033844753635161873
0.5,86,-0.018863935380372898,-0.0001325452690770622,0.009458695937777262,2.9206051183968964,0.00029783249023417947,98.97079590069288,0.003350495619132053
0.5,87,-0.007396590229999753,-0.0001700597193357913,0.003890018773729298,7.2904144918061675,0.0007792004831522902,99.13186237427782,0.0033131116186831725
0.5,88,-0.019620576603955924,-9.923318067496645e-05,0.00850006845500284,2.576660317212385,0.0002591877280978585,97.0431225902026,0.0034192110728600037
0.5,89,-0.03008590983741411,0.0002244032361601988,0.015178667889575448,1.8384885242662528,0.00018121000342281125,100.5984589526391,0.0032905558335859625
0.5,90,-0.013907232255409383,0.00010955963719589742,0.006772421015988295,3.508921639061625,0.000341841849329114,101.79659990643967,0.0031262104549106247
0.5,91,-0.016737797960451776,-0.00017479009555352034,0.00799434450276404,2.982860651022899,0.0003027612484934206,100.7797557560209,0.003256617708918198
0.5,92,-0.015294970007204067,-0.0004365099230397012,0.008388933195860426,4.028259794970539,0.00043297318443965313,97.0792247884746,0.0034780487751568446
0.5,93,-0.02000091169715242,0.00017523449327065297,0.009985383066571929,3.0460443810753204,0.0003000456786542242,101.52413673366542,0.003469813900660774
0.5,94,-0.00693349384562779,1.5189235595952765e-06,0.002495892565476554,6.5392053802222465,0.000646847062961694,96.74908895897335,0.00352325199501201
0.5,95,-0.02353892042737798,-0.0001794562102435377,0.011873071480104413,2.2691476002641284,0.0002303870699063814,99.20584086865397,0.0032822132591921846
0.5,96,-0.017571877318903632,-0.00014375781803746798,0.008598224969238788,3.3092161144383625,0.00033291871205248026,98.13094065314398,0.003459418113607877
0.5,97,-0.02062439017940715,3.243246026218389e-05,0.009898445638694797,2.9705935382418676,0.00029774798845562953,101.61700354857804,0.0035775250332085616
0.5,98,-0.014019614346788663,-0.00018325656895283073,0.005075347232337268,2.814940790599755,0.00028495857994833255,95.51126081719045,0.0033071502343559717
0.5,99,-0.008195866072966828,-0.00019483893293829828,0.003922109624776571,6.592712439928421,0.0006785199966934712,96.40858473837218,0.0034099599604313384
1.0,0,-0.03920306477901539,0.0010327983840354013,0.021844141844976073,1.5413013564439333,0.00014729671983830522,101.8193336821269,0.0032212379626698766
1.0,1,-0.006681445946179739,0.0001906607246373896,0.003641562725835712,8.807197570048858,0.0008331902651734218,101.23364002211724,0.003198532139017133
1.0,2,-0.010665967756153012,-0.0003892076389461505,0.005984458895574529,5.278190305440825,0.0005551737780025021,95.88926284829635,0.003250855774631568
1.0,3,-0.004230759322989787,-0.00011209704343530461,0.0022451079006489127,11.632704048502092,0.0011945800333775724,98.05906369984993,0.003089157335279803
1.0,4,-0.007881297333314696,9.740027727745938e-05,0.002356508057315465,4.31992029938317,0.000417023646480918,96.97308954917803,0.0032981416110461764
1.0,5,-0.007337287394917331,0.0001064508918824325,0.0032733927936036133,6.477582610440396,0.0006220192707760227,98.83861223537073,0.0031972091338574953
1.0,6,-0.011248213640116597,2.2046230260040265e-05,0.004057931161053574,2.945360912475553,0.0002981772438730247,103.27978508355554,0.003038826373623329
1.0,7,-0.017320031212584915,0.0009972086317916557,0.013278039997481006,4.83992172093964,0.00044735401244993503,104.62709162107068,0.003181947136506427
1.0,8,-0.004025695146949267,-9.453792416134826e-05,0.0012118266923832888,7.915422521739092,0.0008092271951970437,95.44298412421848,0.003284262878188626
1.0,9,-0.012644966516066005,5.5769449991113044e-05,0.005414668452744964,3.7639134664825824,0.000372554946048846,97.88941500956139,0.0033126315523394944
1.0,10,-0.007502292090492361,1.4409109139881156e-05,0.003488811155885174,6.789770578143244,0.0006808447898033929,98.54829011588659,0.00331549080927058
1.0,11,-0.0064049233355497875,-7.879830393533617e-05,0.0022486054421720914,5.52456411648093,0.0005483335123729182,96.20016464839213,0.0031574581296917887
1.0,12,-0.0031298584479412645,6.179909020758112e-05,0.0004982294482974714,4.857301333860734,0.0004911934874933668,104.85691057289743,0.0030894664862980373
1.0,13,-0.0022018352681623596,-9.006429012432757e-05,0.0006615831884484447,14.87442214066119,0.0015017126778972246,95.50597843279581,0.003315785994209635
1.0,14,-0.0154489325474294,-0.0009223905565805685,0.012377139214659993,4.183454302535989,0.0004587838217136648,96.49655529987689,0.002974885869024694
1.0,15,-0.008453834936556638,-0.00016971454729697609,0.004413505758160352,6.086252709962986,0.0006384010120581657,98.09582968357378,0.003218356445591565
1.0,16,-0.021166638804520962,0.0001320362825591588,0.010440125707178671,2.3158427863847035,0.00022826846470972207,99.61307086865794,0.0031314684413152527
1.0,17,-0.008813021768455716,0.0002318958834646398,0.00457499294736885,6.534272131861128,0.0006219371561634961,103.24032429670049,0.0032517950186463146
1.0,18,-0.0054424173310575865,9.929368007227496e-05,0.002645895857155356,9.307395541932197,0.0009064890052094653,102.46775939774756,0.0031879575756962306
1.0,19,-0.02526534045406652,-4.481563142838298e-05,0.01171062770790221,1.9624184235191915,0.00019718359748390043,98.0218817517069,0.0032752379082720763
1.0,20,-0.00448734931032026,-8.922521378909401e-05,0.0009648504446362338,4.49794563210342,0.00045338129785869814,95.16807840068496,0.003060937533407845
1.0,21,-0.0010911146917291711,-9.184512355342762e-05,0.00014164318285259103,12.189211017090031,0.0011958448760547413,94.98120966804053,0.003163447345588692
1.0,22,-0.0016751686202956329,2.3615176386013343e-05,0.00028492042522543226,9.917919523939727,0.0010250006272626436,103.63216770398972,0.003167706539483031
1.0,23,-0.0025294320554960065,-4.0668501877695934e-05,0.0007218019518009378,13.400538257453464,0.0013256966930512788,96.26588451967308,0.003424385102395619
1.0,24,-0.02696244072574122,0.0001319599193047142,0.01273249785894992,1.857558039502539,0.00018219679310519944,98.79314430209851,0.0032228550647587302
1.0,25,-0.0035385850922745182,3.00083552993079e-05,0.0011546114447628097,10.2448303273058,0.0009759453588190143,97.47202585659248,0.0032486995891446995
1.0,26,-0.013348338498450804,-0.00013074617889665557,0.0063499999184635225,3.856311740769812,0.0003932855731627878,100.87096007618311,0.003321988174377809
1.0,27,-0.0034826266466875333,2.9152638451534843e-05,0.0015137968098632992,12.861294056847994,0.0012875882501419778,102.22781307966677,0.003213387571719326
1.0,28,-0.023825474986804863,0.00010053608679974595,0.010923481499738097,2.0845936810962558,0.00020638937342647832,102.37308150390382,0.0032710959174024933
1.0,29,-0.0064650280588328096,-7.498593140340093e-06,0.0030025163032250113,7.267725684469013,0.0007307805915282426,101.43555200854811,0.0031909704289530215
1.0,30,-0.032958882853641604,-1.1570827324996349e-05,0.016450380795574926,1.5886981883017215,0.0001574201855746662,100.25681371118775,0.0032271820618534593
1.0,31,-0.00976318831544239,-7.768551110804976e-05,0.004357078478692045,4.822792656776552,0.00048069912623692354,97.39013087431462,0.003242272225622308
1.0,32,-0.0203096421565998,0.0004938596464472957,0.011044373122378048,2.7058213284559005,0.0002562044361508355,102.87226065296444,0.0030958633297344094
1.0,33,-0.010787021988844323,-0.00014951855261655423,0.0037149431897922636,3.325397665944052,0.0003379102347358302,95.49487595363397,0.0032405361504059577
1.0,34,-0.0059850326037693405,6.36426583941493e-05,0.0027320289991072944,7.942803381058221,0.0007712145957063707,102.41183402695665,0.0031812249500897762
1.0,35,-0.021992516759981456,0.00044960807446548634,0.009696314853878785,2.104312621892805,0.00020481510010756537,104.68097269690394,0.003185975167285531
1.0,36,-0.004479108150210146,-0.00017658045733379962,0.0025240403119471955,13.362253745283878,0.0014213606036924595,97.21217046274063,0.0033645703020662473
1.0,37,-0.01598644594298231,0.0003671501196192322,0.008127155547318243,3.9492111854713956,0.0003809786146573468,103.50699466648189,0.0034624454036029898
1.0,38,-0.002532133987991048,-9.568830804535216e-05,0.0005110451587048148,8.659798906698855,0.0008673720571121193,94.84493037912333,0.0032897902306816217
1.0,39,-0.004485701571300404,4.954083979591339e-06,0.0014466973514608572,8.033666511543107,0.0007800276329462693,96.92287829353262,0.003288040222193955
1.0,40,-0.005781754185672599,-2.924075095108875e-05,0.002275192593345965,6.251366273343292,0.0006320190723733681,102.1567999963117,0.0030448543702878868
1.0,41,-0.010897300623338988,-0.0002254801737168991,0.003845863998365062,3.2218649645963224,0.0003352892685549803,94.96261808939926,0.003205071320145483
1.0,42,-0.02173405823039055,-0.0007916288740857139,0.013032600887276868,2.9175637906047083,0.0003102868259108732,97.08819598946127,0.0033567389947386107
1.0,43,-0.0027377214567142283,7.942379923885747e-05,0.0006603685620093502,9.283575083346234,0.0009353564947054386,104.82796203502232,0.003251878225298263
1.0,44,-0.0011880042778137717,0.00011117140349691337,0.00012861346555093078,9.117022015170969,0.0009375401721779784,106.02656700753128,0.00319694187995274
1.0,45,-0.002013139854568343,-4.0000709857205504e-05,0.0005081087818081809,12.872268905005866,0.0012715707372948967,96.4298393801069,0.003180939347011537
1.0,46,-0.006412727804948061,-6.751524140240359e-06,0.0031814251811369543,8.238843729450476,0.0008285910340862677,99.42583410853202,0.0032757796690895853
1.0,47,-0.014661382368799646,-3.06881423484279e-05,0.005557063688757968,2.5188808702977767,0.00025544691907642704,102.93420674589757,0.0031315100564119746
1.0,48,-0.03588337117001173,-0.00012590153133876578,0.016917568380879322,1.295119882690306,0.00013058293740231326,101.31870044216433,0.003148487405184728
1.0,49,-0.0014649597164458979,9.700931943483219e-05,0.00017573298946393923,8.368526593189141,0.0008574262705000118,105.63416621881463,0.0032239572464046813
1.0,50,-0.006254444951136375,-3.4882262090609614e-05,0.0021419109706452,5.578416877250485,0.0005552397221641908,96.5862197839876,0.003178292332684008
1.0,51,-0.014405486518197352,0.00047562827976943317,0.0073088461728222365,3.6150476558988496,0.0003381509383391751,100.10879443578442,0.00309239692656773
1.0,52,-0.020588100445707976,-0.00012487560626544351,0.008466152019515727,2.271871693605293,0.00023244592250800956,102.49568163069172,0.0033987172966831796
1.0,53,-0.013274060706321915,-0.0005878761718639734,0.008500211775545274,4.471346073905948,0.0004799789180644347,95.75112248508498,0.0031572260956373274
1.0,54,-0.03328520126480468,-0.0012170587506844246,0.018929076302913628,1.6003237194947875,0.00017031483613185754,94.72914047057236,0.0031523877822004667
1.0,55,-0.010820100034928767,-0.0002481820178022155,0.0053256006900048725,4.555301677604241,0.0004803281838091329,100.17066212834948,0.0032485380284401275
1.0,56,-0.008591467333614834,-0.00013802604823657882,0.003600204471951529,4.041099418934338,0.00041931690237720137,101.34775743975638,0.0029275911489926175
1.0,57,-0.009985927822477113,6.930099007816925e-05,0.004890479223907063,4.823833625497307,0.0004829014281418297,101.49131549416359,0.003140302098200159
1.0,58,-0.020385840094707394,-0.0004394615091225243,0.010476476353961761,2.3247197525924284,0.00024506346545037904,99.65462486819098,0.003116998237415926
1.0,59,-0.014619645033052759,-0.00026875220290874247,0.006354468788106971,3.281247005786647,0.000330299213831024,95.85546045909601,0.003327532025069585
1.0,60,-0.010131360972346,-0.0006346705846006028,0.005931834645820033,5.393370334120208,0.0005919132426436673,92.09472513199549,0.0031965962880068266
1.0,61,-0.016419250377841147,0.0004113988888482482,0.007094095118764132,2.6739224581843217,0.0002576916697425108,105.21343314859007,0.0031200775712968273
1.0,62,-0.012854140440617242,3.681810507906699e-05,0.005509090513465487,3.5298587005487994,0.000345008927369697,97.86142676609197,0.0032127483043832717
1.0,63,-0.005258477185260017,-5.922222095525848e-05,0.0026503903895611636,9.393947868547002,0.0009790593130166666,99.7799740174673,0.0031990009809836012
1.0,64,-0.007767769945647355,-9.42470231722598e-05,0.0019537674236501656,3.407424019081092,0.0003432158676281928,95.10436364888442,0.003234226118909341
1.0,65,-0.008209765026649355,-9.750227128956947e-05,0.0028388052487253734,4.195599735727151,0.0004213519667079922,95.97438314591093,0.003154509947005389
1.0,66,-0.02141772195750524,0.00020339090653545636,0.0094718867366278,2.453943709219038,0.00023715310060744123,98.3248655461008,0.0033811928201515824
1.0,67,-0.028773752235348993,-0.0006383161422919837,0.015519351830461714,1.8897585331698534,0.0001973352050563791,98.46548852020302,0.0032473322271231865
1.0,68,-0.020406843356972328,0.0002935662710288827,0.008564620115159127,2.3823574653481403,0.00023173594838143686,98.22829562045827,0.0033433243897083836
1.0,69,-0.013001355655630827,-0.0003095347604934854,0.00619633933013608,3.5951374852847042,0.0003764759548405699,100.448689215158,0.003200779727361888
1.0,70,-0.008249234166651971,-0.00013223591964493903,0.004021509465921058,5.431953248853677,0.0005573608296648826,100.320360064356,0.003071925153599674
1.0,71,-0.01730656766723641,-0.0007517978015125232,0.011372965002306112,3.4244722432819,0.0003672445064071386,96.87546452073414,0.00311250749278493
1.0,72,-0.0026720724133823177,-9.302736791363623e-05,0.00042792625746301827,6.289388830759672,0.0006155181213789707,94.77392786614473,0.003189706221484157
1.0,73,-0.0071515565692387584,0.0002538371455380611,0.0036110283552588385,9.001230334326,0.0008368051547879895,100.0836296006809,0.0034412590836858277
1.0,74,-0.005985164607547415,-4.389905812618301e-05,0.002675902482222381,7.4932512072586945,0.0007473940045655211,97.75077379283358,0.0031640480063861863
1.0,75,-0.007903579251984528,-0.00016643346649307354,0.004190920144148791,5.588791463850563,0.0005912847661645512,99.03791860046032,0.002971279756432656
1.0,76,-0.00812477032176358,-7.594972283145902e-05,0.003920891812441374,6.214005159749408,0.0006324048859989757,100.65410544416902,0.0032646878607850353
1.0,77,-0.0059635457186541455,9.774932320072775e-05,0.0030754912147595848,8.614015151152385,0.0008216968358773655,100.72009210262732,0.003085413551946242
1.0,78,-0.014611934216807568,-8.959077103731067e-05,0.007200683299931954,3.597068687577104,0.00036798332296679546,100.4409205493162,0.003305396892026901
1.0,79,-0.006662990909717407,0.00032905183087231384,0.003232952284646484,9.185443939043681,0.0008477083460196142,106.55466394925917,0.0034108655296734283
1.0,80,-0.008494069916945696,-0.00027302942806711246,0.0038021534665434453,5.611102850736504,0.0005749235397260892,94.99754421697912,0.0033006759146325696
1.0,81,-0.009312782610682082,-0.00012240755875773693,0.0039748614714858466,5.038866271062253,0.0005211882255682561,101.672386772171,0.003368424630397562
1.0,82,-0.016067574960025973,0.00010567437265858232,0.00730252032720724,3.192239776100336,0.00031044983441551343,98.47297116593111,0.003310143009056456
1.0,83,-0.007143102362970145,-6.197999493374388e-05,0.003581532440195878,7.145108137312406,0.0007224867331587173,99.90987734788861,0.0032112058294591107
1.0,84,-0.013466179917737861,8.477725878089097e-06,0.005229770653139787,2.8157962696218406,0.0002792750237509975,97.20999457771995,0.0031027288989494265
1.0,85,-0.01015621202088412,0.0004389778173561865,0.004145585232632976,4.568666687128545,0.00041931000213875493,99.05667343283812,0.0032102683453024104
1.0,86,-0.0055575717489652855,-3.853486535512384e-05,0.002788981465363216,8.894553963524924,0.0009050659213672412,99.36197304722953,0.0031690974856577116
1.0,87,-0.014097826018999048,3.4292798642564905e-05,0.007006261577611861,3.947142300222963,0.0003984991857021715,100.74279516536231,0.0033652553900988527
1.0,88,-0.015281922556925436,-0.00013988472207058077,0.00744600054958211,3.0082401443385356,0.0003024759395991119,98.0724910005219,0.0030814818662194604
1.0,89,-0.012192154086617122,-0.0005515589769003659,0.007466443010953783,4.365118337750764,0.0004662327386243458,94.78507337735108,0.0030478073369196532
1.0,90,-0.02076254769841434,-0.00012202020533298483,0.01002445587794576,2.4000770154779603,0.00024441431978262793,100.83574925799942,0.003242267551231902
1.0,91,-0.002252533966204109,4.295627985180028e-05,0.0005970202586509377,10.745647520431971,0.0011061393228840538,103.65116722126145,0.003062582389536908
1.0,92,-0.013633667841505766,0.00015104982630293753,0.005429730140400935,3.0712130802865216,0.00029914931806046037,97.92381864170046,0.0031901132667800838
1.0,93,-0.028685586782430942,0.00047636423283917644,0.01499194034879514,2.0093355143139693,0.00019511332101657046,101.50145704881675,0.0032757596170354983
1.0,94,-0.02115618984364179,-0.0003340330521841521,0.010960241640577517,2.357440138736268,0.0002430063542514137,98.17753405825205,0.003153096747621733
1.0,95,-0.0124110096647673,-4.3676079938840364e-06,0.005681541036100857,3.821264721280432,0.00037982089845829724,98.177491097535,0.003208441439687651
1.0,96,-0.004258313755049249,-0.00011997921638871826,0.0019950502684112914,11.217478518860514,0.001170016284311738,96.64311675114872,0.0032629614017986195
1.0,97,-0.005883920213484326,-0.00016430129106471763,0.002955652990176527,8.584471580169142,0.0008939675819824477,96.76896501283373,0.0032382487486594556
1.0,98,-0.019490961386231843,-0.0005518827550806816,0.01108027055277816,2.5770998297737533,0.00026983128542517866,97.16550701219731,0.0030445316779990268
1.0,99,-0.014268982141341079,-0.0002752070660983633,0.007522566041073708,3.613881473829907,0.00037535981143468254,98.16911978918166,0.003190545488909698
2.0,0,-0.002700812449078417,-0.00015957798385848244,0.0007821011609726591,10.06357875438383,0.0010484038335833578,94.06571589270338,0.0031234272794076028
2.0,1,-0.0004931430113536416,-0.00020448714236829307,5.421911717828909e-05,20.927109468338394,0.0022399002480529093,90.88942350719584,0.003166223590057641
2.0,2,-0.010374281835046352,-0.0005596595762457229,0.007132075980830432,5.9933654049309375,0.0006557062552455995,94.89482157512128,0.0031484083527169183
2.0,3,-0.004457078419268623,8.601749151497132e-07,0.0009065246282357053,4.574707413574152,0.00044292981034377044,96.21412556158745,0.003096423475268398
2.0,4,-0.010466511736439844,8.723919722513508e-05,0.005194825443170736,5.637279961173612,0.0005431680129597778,99.78603384949187,0.003387066465843358
2.0,5,-0.05849518794402585,-0.00026212027796555006,0.028870803620205443,0.8915057438464621,9.005781251023235e-05,98.68295689585034,0.0032671999497563423
2.0,6,-0.0045550871175657195,-0.00011145032410999696,0.0010613586675342068,5.212436019527697,0.000528345372003055,94.80483222408635,0.0032003916138586986
2.0,7,2.912835750728457e-05,0.00013859462230533326,1.0695922347814246e-07,12.925886745785917,0.0012427749606354717,107.17395443401966,0.0031304683519376804
2.0,8,-0.0062284369061863885,0.0002561612803009623,0.0033473994512235317,9.444094138836434,0.0008784698794944431,104.60150563669177,0.0031926996446134284
2.0,9,-0.012492794937964118,-0.00030788919064606897,0.003541700064515263,2.331348051662455,0.00024359894260420566,93.77551151257481,0.00324599754139222
2.0,10,-0.012168192184134634,-0.000314390021248315,0.006741307393073992,4.024473308226854,0.0004227854733471907,98.181282661764,0.0030501999383265653
2.0,11,-0.009600118650219015,-0.0005887293177005974,0.0061395685623774066,6.069756335457633,0.000673425618153609,98.65428298242344,0.0031730918516490536
2.0,12,-0.006141299614777885,-5.120134837055685e-05,0.0013077408396080514,3.7057049310707124,0.00037035172923330936,95.30289251536291,0.003244248399155604
2.0,13,-0.0011535263283754236,-0.0003252211695513836,0.0004776697648419814,34.54121171054667,0.003912902572659362,87.99368744986663,0.0033009512955302664
2.0,14,-0.009660645891857856,0.00015941255445536196,0.004126624137270496,4.334370840297952,0.00041913187701043,103.73414513660236,0.0030762456137430902
2.0,15,-0.002192243247151481,-0.0001014659906127528,0.0004653252213917547,8.455298866282353,0.000843750663786152,95.09075426988136,0.0029462209105551402
2.0,16,-0.02211670599075512,2.192574100917053e-05,0.010681760802845996,2.1775707959433768,0.0002197660370208153,101.30012411049873,0.0031730405403076617
2.0,17,-0.011416833797403372,5.517224049163724e-05,0.005264543052057924,3.377140027645668,0.0003413199409313539,101.97784054163344,0.002907104300747606
2.0,18,-0.004039567601170355,-0.00014433737440062693,0.0014956144890299061,8.063733840478982,0.0008176920279723618,95.3107360095156,0.002985133218971083
2.0,19,-0.007774223793283041,-0.0004244195246254575,0.0051290283318060625,8.093754184986123,0.0008705980180826054,95.03643510313634,0.0032058185115129106
2.0,20,-0.008832612152944086,-5.880898360407296e-05,0.0044200141395782655,5.446534404170073,0.0005500131608104788,99.96830918746029,0.0031186570912602315
2.0,21,-0.0055842795211913515,-0.00020454539834799547,0.0021003969151601742,7.029964415140414,0.0007327315904729349,94.50018977646671,0.0032943189407218117
2.0,22,-0.009416573585687303,0.000421790859507693,0.005701917612301655,6.227652414006154,0.0005763488743962884,101.34532841784225,0.0029925698924325173
2.0,23,-0.02290100023545894,0.0003895085837193686,0.011538107429062139,2.17187222949406,0.0002143055419184645,102.82617137386663,0.0031216254718444184
2.0,24,-0.007251044423597241,0.00035701618265948247,0.004683794982117795,9.598845271709697,0.0008950806976782046,104.05228083359738,0.0031729734913385167
2.0,25,-0.018545576058131872,0.0005375576821165649,0.010535977704806632,2.7582074760344293,0.0002625692093634877,103.39089852037715,0.0029299147944513012
2.0,26,-0.01986541908086077,0.00015231630536615494,0.006082073808788224,1.6377752096165545,0.00016143283518900585,104.86746009915055,0.003199515194334827
2.0,27,-0.005507291960959332,-0.0002015122365856949,0.003185807415832631,9.268288418161017,0.0009841347388364274,97.42282154416728,0.0030640081240673072
2.0,28,0.0018540468205751016,0.00019462822040294854,0.0009754401356277809,27.275785109683518,0.0026104393308703654,110.65396730683581,0.0030251287718628885
2.0,29,-0.007056801120803949,-0.0002265950667999721,0.0038056861784410145,7.078512978318468,0.0007314880956773376,96.66041034552634,0.003096361171183507
2.0,30,-0.005188516357429735,0.00020992571107336866,0.002384510983152066,8.782575551855807,0.0008360390639891686,105.13196729378444,0.0030722657640843555
2.0,31,-0.014773457260013844,-0.00016350755374424844,0.007519305253761099,3.4327664879866076,0.0003530298275288426,99.3203024481075,0.0032042039002231023
2.0,32,-0.017013037181837973,0.001010606603704274,0.013438600337665751,4.780981341425512,0.00043793842863962013,106.00754829307526,0.003074063492527299
2.0,33,-0.007519941558238657,0.0005078649829271225,0.004362224608707499,8.43259496895585,0.0007751867035598293,108.53299245260368,0.0031678703454153336
2.0,34,-0.0073795347388668315,-0.00022852757758809407,0.003968587029328119,6.784798322042576,0.000712258900357332,96.75968746286168,0.0031289051445044327
2.0,35,-0.015073249035778648,0.00020417976469492836,0.007575170266886366,3.4587816343202595,0.00033285269939331845,100.09873713978621,0.0031613328720885626
2.0,36,-0.04254903680682759,-0.0001498919763276995,0.021141714117851707,0.9564796202551459,9.641339526316057e-05,99.09850158417129,0.002875168985002205
2.0,37,-0.006470032373896784,5.7508991206869335e-05,0.002072464273261687,4.559785907317271,0.0004538236292197516,103.85016567268173,0.0030196989628081304
2.0,38,-0.006665772563880011,-6.941093834147302e-05,0.0027093361330234877,6.075464676880209,0.0006309741619396867,101.90769669669643,0.003213789347898601
2.0,39,-0.0014675719685819772,0.00012056239810350622,0.00014022519435130665,7.006149770702805,0.0006864993224545363,106.42668672321349,0.0032303948945059304
2.0,40,-0.013648184514107266,-0.0001904941702926369,0.007006799186443202,3.5223095951410857,0.00035990882567151226,98.50980679192739,0.003096230282467895
2.0,41,-0.011052707459656053,0.00022749996487304194,0.0058383447485996776,4.704961631458501,0.0004551327169022906,102.09586817628673,0.0030889650087966144
2.0,42,-0.035751101121660855,0.0010906334409649253,0.01969477203078429,1.5600333711534018,0.00014826894646409558,104.63051727610774,0.003098831897580977
2.0,43,0.000569127965133398,-0.0001892005192691845,4.379357768158343e-05,11.943057636756478,0.0012585362619636005,90.34171094704605,0.0030396021372324057
2.0,44,-0.018588927308566264,-0.0010849968274798361,0.014127087156600271,4.01332572909529,0.0004390369883171322,94.95335458667583,0.003280290381532562
2.0,45,-0.00479682304850475,0.00024893348714750556,0.002672311091542423,12.014397765048242,0.001115698797887933,105.20741265269473,0.0031014332039817553
2.0,46,-0.007944001098752984,-8.882576668961187e-05,0.00371957669033407,5.520796588075693,0.0005680458572053777,97.67296382458974,0.0031057287242552073
2.0,47,-0.05001372984781699,0.0005415630506015879,0.023128619529296457,0.9275060909693734,9.133640046502024e-05,103.15458478149722,0.003130199896276791
2.0,48,-0.005152876443667074,0.0002523802422183802,0.003187010886836261,12.831323788713263,0.0012130959723479053,103.76270382125185,0.00318227996681942
2.0,49,-0.041347665116951184,0.0005206942400568067,0.02117756083118494,1.2743196086411563,0.00012294070629513266,101.63159029094332,0.003153030289847993
2.0,50,-0.0079304454958664,-4.4083643756480473e-05,0.002443685683628183,3.4178485735225013,0.00035365864130253307,103.08779941578393,0.0030036909308255285
2.0,51,-0.019779850954515763,3.412232849616812e-05,0.009617187572122043,2.4391962881397884,0.00024278996553773986,99.0737850397575,0.0031440762978548905
2.0,52,-0.0029463820371988534,-4.2458799312198785e-05,0.001316337207242002,15.567453347332084,0.0015690208553879503,97.76699969401405,0.0032188588566345686
2.0,53,-0.011279672414059382,-0.0003943339877490476,0.004666139665113089,3.334305750183314,0.00035061069569511117,100.98479756509806,0.003075924622294032
2.0,54,-0.002279549422880902,-0.00022275874553423218,0.00036356711146101617,6.716341237584044,0.0007194478761311938,91.78876226962046,0.003192100407704504
2.0,55,-0.002750112717194659,0.00017780581360906977,0.0006412583085527723,9.06626898939375,0.0008663307832482374,107.11993399584703,0.003188885698605152
2.0,56,-0.0060023694560452446,-0.00030040050503001085,0.003687392703054959,8.339449945834836,0.0009210972101904548,98.69694699165387,0.0029995150142628473
2.0,57,-0.009379732668946894,-0.00012110338213651074,0.004766784338225527,5.063094285047298,0.0005168997175235766,98.58186521415196,0.003091713373375204
2.0,58,-0.011713523139331309,0.00014296576454424562,0.00521496813989919,3.6508460262681948,0.000358794373408179,103.12213533375039,0.0030706802649570837
2.0,59,-0.011653026539727543,-0.00043884530080557017,0.004414246107396602,3.218866292843327,0.0003395245630869002,93.27968685885601,0.0032167134805059874
2.0,60,-0.0077520082451756475,-0.00030509735469430414,0.004573297075933236,6.880632466050789,0.000741327618551916,96.47864845856333,0.0031240650913903524
2.0,61,-0.014469600040068665,-0.0003826195042148724,0.004911614368225181,2.3395043320971776,0.00024334646713454044,93.9716804357403,0.003197888557436983
2.0,62,-0.0015208668645079158,0.00011644795270057082,0.00024791594784556725,9.840567427360137,0.000997109732016619,105.88843524880127,0.003043568521784691
2.0,63,-0.00018700853289030576,-0.00014835492906834966,6.478788715624795e-06,17.22795930709772,0.0017964865359410913,92.9047092581165,0.003109304410812456
2.0,64,-0.00814490291616127,-7.322230781526019e-05,0.004072132137609374,5.582342133376098,0.0005667981064569461,100.00200950724918,0.003041317424440274
2.0,65,-0.025592750144790996,-0.0005053034213694222,0.013612985866910843,2.0655637891902896,0.0002146715469528198,98.04317945432307,0.0032170462354937507
2.0,66,-0.0047627915232419035,-3.158899003142987e-05,0.0020287076397877968,8.391474474971096,0.0008256355348746719,97.705308854075,0.0030389007137707636
2.0,67,-0.023023951360944154,-0.0011716865784313422,0.016357813318262582,2.8730437200739813,0.0003150956133033075,95.05972495665051,0.003198520616021153
2.0,68,-0.022175599460530483,-4.0949855870033865e-05,0.009347820771036797,1.6878610376329903,0.00016893067543166586,102.29671714557955,0.0029715693475853037
2.0,69,-0.005677165608179461,-0.00038844394367889884,0.004097057049881503,12.167762119826461,0.001278848193551097,94.39684173275259,0.0031747449702925995
2.0,70,-0.005085967536681407,-2.6770840638386175e-05,0.002389595027254443,8.779936077934185,0.0008839492634410375,98.4127221083171,0.0030954058930549406
2.0,71,-0.007503935505845992,-0.0003105623501747702,0.004553006536673565,7.997790651669375,0.0008421815139482312,97.54344042601456,0.003230183859598537
2.0,72,-0.012189224231078878,0.0002808131866215092,0.006564663875810561,4.405087318756521,0.00041941394717252736,101.23632597251529,0.0030835225759947276
2.0,73,-0.007639271606275288,-6.792790831827882e-05,0.0038065551300908718,6.276645764704017,0.0006282358483095717,98.75274734804498,0.003106337912963979
2.0,74,-0.028723998708821422,-0.0012512032926726712,0.01857403321529616,1.8979016379602145,0.00020537146014989503,94.60712606406031,0.003019765467613022
2.0,75,-0.013809669844226035,-0.0002608284166686038,0.007201172194182703,3.911918980820205,0.0004059054424763788,97.95414023603995,0.003281742454658991
2.0,76,-0.012989874558322154,0.00014531241743110293,0.005055994190285351,2.673619330450395,0.00026359151373015936,103.77919246029109,0.0029576843238872737
2.0,77,-0.002010508087350009,-0.00028342369460724226,0.00037296663897201654,9.084245617345873,0.0009798644954795367,90.03916877973424,0.003246484688385586
2.0,78,-0.010213049304535572,-0.000291812111680787,0.005533933664814583,5.134120865047822,0.0005439538597986168,99.01791635672905,0.0032035388812114364
2.0,79,-0.014348655182729009,-0.0007450724293325073,0.010108715487136433,4.386613429352663,0.00047485474825149086,95.03489382510276,0.003112751051699823
2.0,80,-0.00614788421926265,-4.44326697920601e-05,0.0028080308233074947,6.966677370395152,0.0007227275124816028,101.22450449028673,0.003119746748251934
2.0,81,-0.016165082359147112,-0.00029376949629799276,0.007568332761791363,2.819598954019521,0.0002919803608088838,100.70943547921787,0.0031708409430772334
2.0,82,-0.0038061265683082437,3.607526557883722e-05,0.0011635378010820263,7.684538195122829,0.0007721223356911675,103.57194234020658,0.003095838427412903
2.0,83,-0.009081823056928933,-0.0001931389946978218,0.0031078436291210876,4.276839425404069,0.0004374113706722633,94.81268117873856,0.003395626586708776
2.0,84,0.00535573738387552,0.00023907291703488385,0.005959682667598054,22.784876896415998,0.0021732177335460658,114.43996568597152,0.00321248922611934
2.0,85,-0.00869749981544436,-4.637342059868837e-05,0.002926627181548569,4.228621975220546,0.0004237699182178956,96.19915155931133,0.003298908119414611
2.0,86,0.0004701257188166101,0.00015563765508130688,3.871831325108488e-05,18.74826637959626,0.0018906323009172193,108.04980912551659,0.003277589602704786
2.0,87,-0.010051736211844908,0.0003140292319140366,0.005645461085918346,5.486471929526387,0.0005172069111089939,103.24996298235334,0.00304520093681061
2.0,88,-0.0014913672067178997,9.301904564272991e-05,0.00043279593447176357,17.22521724683363,0.0017274209646574166,104.61274521079979,0.0029792578540286337
2.0,89,-0.010938600378078363,0.00010478860597178043,0.005516625103131001,4.3608453418012285,0.00042347390985568017,100.25319925131708,0.0030333927578883343
2.0,90,-0.0038464609799473775,-4.5431979666101314e-07,0.001847026010384334,11.569805725325915,0.0011937030712716788,100.96279141678608,0.003094777463562601
2.0,91,-0.003476921368561227,-5.581093088287406e-05,0.0009757149317370928,7.9404923097862845,0.0007758710987411732,96.11780740468198,0.0030950026015063147
2.0,92,-0.0474771751345924,-0.0004195651660377622,0.02392793127527293,0.996039227653132,0.00010147360868105647,98.63188632084501,0.003093951132329991
2.0,93,-0.006890147657509214,0.0002983852069205184,0.002988872098571127,6.750107402450107,0.0006486570310147839,106.37808315198104,0.0032064655126691887
2.0,94,-0.008249222524493172,0.00011243437962989883,0.003763109482232019,5.27585463470265,0.0005162890207401468,102.85625560240733,0.00305588769021808
2.0,95,-0.0070708795279831515,-0.00018521201106518132,0.0029874446284485767,5.579559441229745,0.0005901577810829064,101.10116648127484,0.0031372537472450757
2.0,96,-0.0003767114642443104,0.00020262631203123917,3.207048522668732e-05,23.639773980070494,0.0022279935057568654,110.1035709827556,0.0031362407072678972
2.0,97,-0.00808843800174732,-7.470816488026286e-05,0.0035296644120534904,5.280630215830803,0.0005381417405604515,101.54276153252138,0.003156701786506864
2.0,98,-0.01749948758385502,-0.00017125666300404346,0.008658310549838566,2.8234786969891132,0.00028815062156112005,98.18423889285768,0.003194354805157995
2.0,99,-0.0038815101336956374,4.926529845980554e-05,0.0014525482721299277,10.045939636000535,0.0010216601437806577,103.31472271465417,0.003254247743033251
5.0,0,-0.007218962552929405,0.00026439944266557576,0.002118820673114641,4.031990776258625,0.0003831167818410848,106.8197752524576,0.003054546538163537
5.0,1,-0.004290948319589665,-1.3524853895794713e-05,0.0019963967322101928,10.588716431732403,0.001078731290357712,98.50039572517449,0.0031562843850332866
5.0,2,-0.00589830590586322,-0.0004244076885715275,0.004127866125007595,10.079984353580308,0.0011109204742510304,93.24876065218012,0.003061665991946877
5.0,3,-0.004221521360374423,-2.560433378789465e-05,0.0018352003819819274,9.931321823166899,0.0010396915952420023,101.5656293053491,0.003178076354911766
5.0,4,-0.010548613042937407,0.00023756637910100315,0.004888590890260169,3.851728402927971,0.00037408138398958325,103.93054708741268,0.002916682356905187
5.0,5,-0.0038351946001197014,0.0004230279918561079,0.002435741112313483,18.375070344019672,0.0016251804487522877,110.70690526938722,0.0031320565878904636
5.0,6,-0.0007910212194128147,7.618261513905846e-05,2.9151486848788544e-05,3.6189601689384956,0.00036943184546336206,104.60338815626098,0.0027888777870319404
5.0,7,-0.011714953610519559,0.0006450438279489072,0.008085549040828699,5.710572461950631,0.0005417513544769399,106.26222781927109,0.003033991876848763
5.0,8,-0.006965657952217958,5.8654894679404094e-05,0.0032556441110582757,6.070426973734597,0.0005881906507196693,102.00576618566423,0.002962244258273614
5.0,9,-0.007290465230041486,0.00018655364211297873,0.0038706803728358885,6.5331469206561215,0.0006223356729945842,100.6414824301543,0.0029248037299940957
5.0,10,-0.007305840397991013,0.0007993874782645291,0.008714683914198607,18.41772099460608,0.0016005765464977243,110.03908095234793,0.0031338299525829998
5.0,11,-0.016148303244383072,0.0011883641929136802,0.014861466970639725,6.579903819644353,0.0005830514556742969,106.74190431492588,0.003201726087007634
5.0,12,-0.0073644390403496875,0.00042206592177802734,0.004918731756054173,10.048232510334953,0.0009068107133421655,102.0183163188487,0.0031616889734831103
5.0,13,-0.003879879198433913,0.0003408831126538936,0.0031118819233982853,22.1820367213675,0.0019944583565396075,106.63621184943482,0.0031090964122358674
5.0,14,-0.014513499542276055,0.0001751384565047259,0.00716295765762931,3.4749928138079658,0.0003365431085126783,102.15333684294043,0.0031476765256038763
5.0,15,-0.003408774371060417,-0.00015293252647309357,0.0007323873874880427,5.636552289923867,0.0005721565908892598,94.10496672418785,0.003001912570367959
5.0,16,-0.007341312169981646,-8.028814688761758e-07,0.0030322481104140264,5.773811847127233,0.0005708073839977936,97.63389486571394,0.0031832433663111117
5.0,17,-0.012486634937544828,-8.478443263316179e-05,0.004787567188469621,3.368051235121019,0.00034197370128285685,96.38341958696886,0.0033279376552888935
5.0,18,-0.012157028143950517,-0.0006757368149912102,0.008578779506777323,4.899662938308355,0.0005333969128083446,94.16795031275892,0.0030332365071145213
5.0,19,-0.005938375375141565,-0.00010499786434329653,0.0030818369897813724,8.201570067815418,0.0008444424828703604,99.09593215349834,0.0031114786347353745
5.0,20,-0.009894273750534026,-0.0001709177162244285,0.004424168705559173,4.121659076879334,0.00043749460731300297,101.04326605606342,0.0031082110417972753
5.0,21,-0.0006398533230107907,-0.00013267792181360553,5.502242528776513e-05,13.501215723596083,0.0013761482529892769,93.61206709956434,0.0031933293936183293
5.0,22,0.00046847499547317576,-0.00017798696521113683,7.543925036646026e-05,26.894626680860988,0.002827091527856072,91.11431410183492,0.0028649148348163923
5.0,23,-0.011598644746298676,0.00068211525851522,0.008820321313729562,7.068299442900993,0.0006459668571281483,104.7553841053576,0.00314189918146035
5.0,24,-0.012466095654379021,0.000949120418491762,0.010900692570075421,8.387978457381516,0.0007425048352446989,104.02177087697791,0.003252732506768576
5.0,25,-0.03014844494469963,-0.0009340679631948135,0.015976424197060135,1.784903912965679,0.00018700470779969348,95.20900059424629,0.0032570546456325566
5.0,26,-0.015926834234230382,0.00027921671508929463,0.008337920097262752,3.4209745578869004,0.0003236820724179333,101.06798648820529,0.0031408922696172688
5.0,27,-0.01782050520593043,0.00045106794689611077,0.009967498868441504,2.8540955143841247,0.00027368316133069846,101.85046722739995,0.002955611645930454
5.0,28,-0.013660526270625552,-0.0005254145606949215,0.008416163886476924,3.949608673789996,0.00042712576691418503,97.65317780128419,0.0030796032854593027
5.0,29,-0.0012430382895423952,-0.00011589343495112736,9.949188935054476e-05,5.7428444534417125,0.0005812630109190077,94.25006707588354,0.002988097435403512
5.0,30,-0.01023256890506576,-0.00015795562225726233,0.004000726323353021,3.7579865485352393,0.000382032245664628,95.96611799798369,0.003155738710409826
5.0,31,-0.005759744897332556,-0.00023847795248984303,0.0031717977951629672,8.98954493689531,0.0009800752356367457,99.2654772685789,0.0032016692575102777
5.0,32,-0.007534710303976775,-0.0005402995068941941,0.005361754354397119,7.165551883109953,0.0007979180107318472,92.40026848469752,0.002906639029626629
5.0,33,-0.03315141120664079,0.0013588360284497623,0.021797096113373216,2.0094596397335116,0.00018761348564753995,103.38596341870188,0.0030781862063983777
5.0,34,-0.011851042789727305,3.8505214898626426e-05,0.005877368979277153,4.184460756900993,0.00041574779076053323,100.84800360081195,0.0031547801244101235
5.0,35,-0.011499990803794866,-0.0005320730109640082,0.007340523248303477,5.136446192457442,0.0005501438785996074,95.39267268952315,0.003150950217977267
5.0,36,-0.01638130680704112,-0.00011234152801588756,0.005570033823420917,1.9008654461115142,0.00019310749026194544,96.04902320601434,0.0030298640526192364
5.0,37,-0.03276536718832338,6.726129362398529e-05,0.01597287471450881,1.3958829492876643,0.00013832285030309705,99.15252846713315,0.003049438986257124
5.0,38,-0.01540774818813529,0.00015681168037380927,0.007848074235897284,2.903295648388741,0.00029015858246928016,100.7703857242598,0.0029655596804721777
5.0,39,-0.0029538020992829245,-5.572496853839209e-05,0.001486554337524204,16.10679246623222,0.0016281905921369502,98.49490474162856,0.0030943316946353576
5.0,40,-0.01006580274654514,-0.0001005176494434787,0.0049462787422410726,4.1861368311961,0.0004296421340492004,100.31169847434273,0.002968297317162573
5.0,41,-0.033908334957753306,0.0009276261126569095,0.018324103565114935,1.6065547449626867,0.0001533149135558878,104.12727723834423,0.0030998750647314006
5.0,42,-0.004869466120506587,-5.5987303928894175e-05,0.0015756367004204908,5.849907805516737,0.0005946619149209573,96.42829586811462,0.0029865158304636227
5.0,43,-0.009682009203027631,0.0008153740054556685,0.009044892318991193,11.455029830811098,0.0010010793394017844,108.21116975059402,0.0032238911644718368
5.0,44,-0.020586839024067043,-0.0004098769037548845,0.010944739248922919,2.2314154736644056,0.00023249152100088909,98.96874141789601,0.003002543813279202
5.0,45,-0.013982914183409575,-0.0009468042139564284,0.011577919324642583,4.848001720289523,0.0005409111643238196,92.872800554073,0.003023804891264752
5.0,46,-0.00210581870756012,-0.000505134920174815,0.0014100160988604893,25.39448999583343,0.0029966570124791217,85.02824486894175,0.003067026073141511
5.0,47,-0.005891944768867552,-0.00013952120375904876,0.0014389565754818756,4.271109332718321,0.00042823742181500294,94.55161085954616,0.00319760872172009
5.0,48,-0.032414142606255095,0.001264455389279575,0.020721706124827377,2.0064686607120037,0.00018883453762635744,104.01527290319925,0.0030972723498995337
5.0,49,-0.0034570410020154305,2.1676026827668695e-05,0.0008045845198939583,6.435478444948212,0.0006513715830505991,103.82352026865817,0.0031002266805676554
5.0,50,-0.005313778594366555,-0.0002989885696386759,0.0036435957766411953,10.676734480937244,0.0011489310344422756,95.9303352038354,0.0029868935907770944
5.0,51,-0.003114959208171278,-0.00025539175419803513,0.0013079951319072691,10.900523060369435,0.0011934023812360795,92.68789675863084,0.002973817911023939
5.0,52,-0.008943531226979159,-0.00031536734416539545,0.004782083743911203,5.808222643715429,0.000617257688580874,99.42742582914174,0.003212239207996417
5.0,53,-0.0004372827663441814,0.00017494978717846578,1.754312428736693e-05,9.161617599618252,0.000869713892495029,108.75588064840582,0.003065719104967579
5.0,54,-0.0150591688890866,0.0002068787755065727,0.006401448218834704,2.6940886615977577,0.00026344543527282506,103.74046210217014,0.0030490255843537437
5.0,55,-0.011256786879942852,0.00031708729839366906,0.004114809931010988,3.167384803901772,0.00030239185416616656,105.92284141474971,0.0030387882560410787
5.0,56,-0.002891973680978097,0.0003007776434034684,0.0006626081651273097,7.674045872149192,0.0007133931668001772,110.26631199326657,0.0029879223317396
5.0,57,-0.015245284727432102,0.0003573434525731413,0.006655791673184641,2.766175454640379,0.0002687267769791216,104.827279151515,0.003056188951416752
5.0,58,-0.020681926400625054,0.0005195691965498145,0.01146825575863819,2.718785540215184,0.0002596073456881263,101.99897944638496,0.0031146987353445647
5.0,59,-0.0163620101010521,-0.00011211929675959208,0.008241637975647698,3.1062783576830375,0.0003138921065950531,99.45796192434639,0.003196347829249778
5.0,60,-0.0024553645985071464,-0.00027175121530696896,0.0011456066533083176,16.723372392643796,0.001818475995773968,91.78914630787837,0.0030932009301144073
5.0,61,-0.0010207747290408033,0.00012241206301978505,0.00015020166817525382,15.324108123144223,0.001485291578556445,106.27620319766453,0.0032053278558864724
5.0,62,-0.0036515503382137347,0.0004453986877289314,0.0015581228639561795,11.954115202475773,0.0010736221492615265,112.66071986498362,0.0030231014340129487
5.0,63,-0.009901341437845261,0.0003959480210376406,0.004182720329764855,4.3352287813301755,0.0004118565507136247,106.73525869579379,0.0030989771972917634
5.0,64,-0.007490326744520289,0.0006044798769973196,0.006381986831626496,12.269708519248493,0.0011295468579768353,107.77761797034152,0.0031537866240532683
5.0,65,-0.011631101513834178,-0.0003757507628888885,0.0044661635299235725,2.9988236343441796,0.0003148596657043513,94.04129525791066,0.003075862079807876
5.0,66,-0.00922583670228323,-0.00015520237971062962,0.004787246743545248,5.296201988818998,0.0005439045841565755,99.15201002780657,0.0031126169947041714
5.0,67,-0.01275617387548659,0.00038009471006678124,0.006707693710619855,3.67140816152969,0.00034549804613279156,100.39749174196315,0.0028926289003127965
5.0,68,-0.006008586262723154,-0.00012879718615385876,0.0028921503561301076,7.3186496805754455,0.0007404771196214946,97.11212904749983,0.0030420795508829144
5.0,69,-0.0008722012557411992,-9.278577783539629e-06,0.00017218067550550664,20.14249788124995,0.002269537215393169,102.16463239870018,0.003160576311554216
5.0,70,-0.0002093150821506061,-0.00025936424486433225,4.9099854587675296e-06,10.011145869607747,0.0011244691462620829,88.2387695370096,0.0031520208228997737
5.0,71,-0.009253599821552017,-0.0004264326890568333,0.005752873939799952,6.559544200872159,0.0007029184553801733,98.0190743523411,0.003235665249411379
5.0,72,-0.01333759066782625,-0.000694187363087606,0.009359159908649772,4.1667369446344775,0.00045272564734544744,94.49851140996077,0.0029352748786384704
5.0,73,-0.006328000275251499,-0.0004604181746058214,0.0032214095337399495,6.192975906291481,0.0006836151951067753,91.50846827138612,0.00290972325102487
5.0,74,-0.008720408704969467,-0.0003712238518692159,0.004072727380438623,4.672464944934285,0.0004959248279270209,94.00508908543677,0.003039190194653668
5.0,75,-0.04485488200714262,0.0012666752255012983,0.025343052941244726,1.334974744944727,0.00012683250368269858,103.51375473044013,0.0031748294360641493
5.0,76,-0.023703448930017072,-0.0006248192723579179,0.01106400511199268,2.062655965182218,0.0002150266885876119,95.00787877845798,0.00329468698925984
5.0,77,-0.020300358865615684,-0.00021911168367265877,0.009796063227840435,1.9468985481986072,0.00019979200449952037,100.52621159646964,0.002898051179664842
5.0,78,-0.01628151705312479,-0.00031419229850229534,0.0078109193706678015,2.836066768667912,0.0002948244646210609,100.45710233931442,0.0031599625844222013
5.0,79,-0.006139027995104891,-0.0007795554823740134,0.008012599005383314,16.597842114399498,0.001938581979679207,89.09853855317448,0.003021606955718326
5.0,80,-0.013687325505659795,5.252182109510708e-05,0.006744464790385596,3.424815352043092,0.00033916124279348414,101.08904723245388,0.0030717697188858474
5.0,81,-0.0037151451731527556,0.0004383310743682238,0.002012202520094597,14.209872126325703,0.0012756250858524684,111.87150926256103,0.0029540741199864354
5.0,82,-0.004798105931284028,-0.0003706381726227181,0.0030110067224670134,11.682935472059507,0.0012712495934534464,92.73911714784488,0.003118646269375559
5.0,83,-0.012836865790950135,0.0003617112257328541,0.0049737613301258365,2.825005896329734,0.000270081407300918,105.81294195619563,0.00297903097035178
5.0,84,-0.003940709866998622,-0.00014558755128588302,0.0015700480860183497,8.610405470899046,0.0009154779498537292,100.98215973919616,0.0030033679959733084
5.0,85,-0.0018927932933044914,-0.00017347978179006136,0.0003485114237812281,8.96149448380274,0.0009411703224717291,93.0166934430394,0.003102772537449668
5.0,86,-0.010886131487153325,0.00041854020176385726,0.006683705226176895,5.697338958374768,0.0005289669808101936,102.52689066855287,0.0030651301547123993
5.0,87,-0.0036602300784377532,-6.1033432293597e-06,0.0014335338013744536,10.828908187785858,0.0010357712751723328,97.70832098286047,0.0031108677231492135
5.0,88,-0.006043871705333347,3.818938850297954e-05,0.0024835981299417,6.2100081692537294,0.0006314284085708037,102.67764948294722,0.0030464867539803904
5.0,89,-0.005940037219609529,0.0002488210030979271,0.003264860665164626,9.253274171860605,0.0008827208559304693,104.4601757143435,0.003090797351637616
5.0,90,-0.008350809566437713,-0.00023017118809205795,0.003534009145968353,4.937722655952507,0.0005077615268629331,95.30297074208877,0.0031621302396332147
5.0,91,-0.009166497394942219,8.511512460988715e-05,0.00392705929981052,4.704078641365366,0.0004704035964535552,103.02162916453628,0.0031707943329271687
5.0,92,-0.0104717904402085,0.0001695179302577406,0.004960911363833143,4.119343912017953,0.0004040479701458247,102.96920007090104,0.002988942555501348
5.0,93,-0.020852374340941563,0.00039888339643627643,0.009870150720952986,2.2330785074067188,0.0002156162098588359,99.44111244965393,0.0030759657360667943
5.0,94,-0.02776736788099433,-6.912582109795273e-05,0.012311935817387654,1.531513595407864,0.00015387629235866275,101.98996220768251,0.0030961065649486768
5.0,95,-0.013987544897065059,0.0007311041726696944,0.00988959390649502,5.098695156989466,0.0004726304480672141,105.43807501146924,0.003060450156189645
5.0,96,-0.049557318731983574,-0.0008124519076458328,0.024392982734647517,0.8919992969610738,9.178300206158862e-05,96.80828454278057,0.003032945424517808
5.0,97,-0.02134410355503412,0.0008866125048229784,0.013505082258689405,3.075655564186931,0.00028230213336563365,104.89503447375397,0.0030877654524066535
5.0,98,-0.0301976717424561,-5.0886783354936076e-06,0.014392287164990969,1.5258742988368108,0.00015333961892813536,101.41097817675296,0.003115475703034054
5.0,99,0.0013726669584658195,0.0001626217995956675,0.00044872353917146945,20.764859361776388,0.0021240300538935422,106.56117449421079,0.002978192044235696
10.0,0,-0.01574488527568029,0.0007673915891596962,0.0097501948945371,4.305196239819543,0.00039688203103475255,106.45120431309368,0.003176015077076991
10.0,1,-0.021413234258691165,1.1274750258071616e-06,0.009200138492307497,1.7773191597547833,0.00017830667569109044,102.32002155912974,0.002973555205496961
10.0,2,-0.007963083882324317,-9.367268944826675e-05,0.003920112923158636,5.083213957475021,0.0005082830355297866,98.21361121010978,0.0028695926528742722
10.0,3,-0.0011651467814168353,-0.00023665155205342486,0.0001386749637618534,8.477849098203857,0.0009382473491789885,90.52598198975909,0.0030190761994702275
10.0,4,-0.002751610150394052,-0.00039438866107090886,0.0013523268353222706,15.281382209184633,0.0017166889250181797,88.94005624474504,0.00309701894326797
10.0,5,-0.009459647787379451,0.00045863795652208254,0.005655055904499773,5.959841731041264,0.0005536153309597913,105.95421383660289,0.0029602633629398525
10.0,6,-0.0007614355529722111,-0.0002858298978215061,0.00014825531202644626,23.478016948936325,0.0026274411162467816,88.32699026176186,0.003201880186372658
10.0,7,-0.03526774960714293,0.0006933353795696568,0.018892504726434223,1.4830553357701641,0.00014192058007482048,101.41891890847411,0.0030592916205425535
10.0,8,-0.004711449194469724,0.0002662810995196311,0.0022934782093076977,8.794820725834008,0.0008280047474208572,106.40903656624575,0.00283023558469935
10.0,9,-0.006037653913003306,0.0003646226543821483,0.0032894388837287902,8.591721442148257,0.000805715617573003,107.1723199964899,0.0029873596544361548
10.0,10,-0.0054553441656259435,-0.0004803048160489131,0.003262741615550846,8.171901286212044,0.0009021612671729569,90.76262466681317,0.0028652195780232664
10.0,11,-0.00567141735675246,-0.0003281825176879653,0.0027499388698176697,7.764537491093812,0.0008459840564072264,93.3129085035228,0.0031440541290902063
10.0,12,-0.045947315642480696,0.0010115474230911524,0.0248683005807242,1.1289787385867747,0.00010835494644869448,101.24526687856653,0.0030336440713096846
10.0,13,-0.007761759345060628,-2.390088152894979e-05,0.0034908416514930485,5.577755929199337,0.0005494449033335971,98.03162504101806,0.0030797284635262234
10.0,14,-0.01022795554096802,0.00022626839465662542,0.005491193109624537,5.217773706035441,0.0004999002785979296,101.51436440544953,0.0030889930739706932
10.0,15,-0.0002519681408181517,0.00016615184926397492,6.6303701187209185e-06,10.1027808899581,0.0009652987555556523,108.47211987661098,0.0030289521521907627
10.0,16,-0.010966615386767593,0.0008539204991089262,0.00876761845005336,7.4179556908276405,0.0006737205865846724,109.6747863116735,0.003038604694669827
10.0,17,-0.045001163388251,0.0018168374300361742,0.029787341012132096,1.4144891875094967,0.00013087584063430568,104.55698394124144,0.0029850132115484098
10.0,18,-0.013041369173941405,4.7710537653139385e-05,0.006163185773918389,3.1108606519654187,0.0003101492930459174,101.66306398772946,0.00292624387106339
10.0,19,-0.004683585335256735,0.0008886528644991095,0.007806322356572193,44.35621019034315,0.0036472431332996483,118.0647214120262,0.003202631336223658
10.0,20,-0.00033976723865790256,0.00024217140063837264,1.0688127171976092e-05,9.506439281358523,0.0008724054339947042,112.14242842000169,0.003052134315521258
10.0,21,-0.028401090185765088,0.0002596953279046269,0.01440159897011084,1.836997836497226,0.00017914798460350279,100.95217446548813,0.0031707932621409967
10.0,22,-0.01473710546494231,0.0010548213965461757,0.013433209306363048,6.419724926184595,0.0005680650437639141,107.31732342679398,0.0030331874962808932
10.0,23,-0.005684518749077065,1.6098929202185526e-05,0.0018213504557449411,5.03076187448875,0.000507284154288397,103.29586837926655,0.0029930639998074
10.0,24,-0.010512290609442195,0.00048753536202969375,0.006722898817472567,6.1359383803330285,0.0005763237262368593,104.79207861460219,0.003080501990728822
10.0,25,-0.004789914703735933,-0.00013945395725579833,0.002319346509683573,9.629653181934401,0.0010133935150783268,100.25162571193309,0.003166004972741495
10.0,26,-0.02386579977748965,-0.0002907865691411628,0.01180327399836445,1.9803244453029756,0.00020461740376913036,100.2006239539126,0.0031422717455602367
10.0,27,-0.0034004629126287793,0.00010136049538555971,0.00047667711669407975,4.506165705111844,0.0004474491417870734,105.96134640435089,0.003269323552917813
10.0,28,-0.013280533507650375,-0.00029468920868106456,0.005558377466340136,2.7364736003880656,0.0002868486973651604,101.22736378788176,0.0030061503125650446
10.0,29,-0.009225945261295316,0.0005556954824025425,0.006661815441364793,8.954606056380388,0.0007938435846067823,102.83434874887051,0.0031852313599967127
10.0,30,-0.008364067567729786,0.00012131005382869801,0.0043015080072408285,6.208016021521313,0.0006070534023517875,101.08817875644972,0.0031452450699328833
10.0,31,-0.006159310578878862,0.0002895383649528813,0.0021811799098510054,5.809881037594436,0.0005513541519324374,107.1696616535747,0.003088578517884314
10.0,32,-0.0031274818040402364,-0.0003348796139144357,0.002061478211370593,16.840811012429644,0.0018890875056165799,91.68173777602374,0.002994883672998782
10.0,33,-0.009498106817601803,-0.00012334188915236457,0.00484102201117953,5.372565253273496,0.000545835652711431,98.71469089853531,0.003192482461289226
10.0,34,0.0007781526368627108,-0.00027384499573874577,0.00021683935603789006,29.76612709424553,0.003409659571287136,85.3250132401875,0.003079218118653587
10.0,35,-0.015188953029817775,-0.0003134196941458857,0.006270217530244038,2.6036475677624633,0.00026947258943831417,101.45024885934515,0.00313598457702104
10.0,36,-0.005131529806284938,0.0004205318363030065,0.0015401664641848667,5.758924122367316,0.000516824755428094,110.71976152335365,0.0029551043322898207
10.0,37,-0.005869415935715109,-0.0007972713932254597,0.005869085526273854,13.158813217703884,0.0015397085735805998,86.67346295642629,0.00300318118670983
10.0,38,-0.002622380577549317,0.00023265165264662292,0.0012615445608396003,17.97367602945686,0.0017098998259107332,107.39003519543886,0.0030536413570474087
10.0,39,-0.0055894114480159445,0.0004593691701153426,0.0024469279058730864,7.771479778321661,0.0007019380812255697,110.42593609568982,0.002984919227079421
10.0,40,-0.0006124892277158528,-0.00017324868835762704,5.724301370280127e-05,13.537052095165265,0.0014099704275906384,92.19654811440081,0.003034075557918966
10.0,41,-0.003127653806748722,-0.000356428985777549,0.0011061498651582236,10.991060783257447,0.001212244976730644,89.89488369593016,0.0032675384504730616
10.0,42,-0.015250827081788113,-0.0005296566732136512,0.009232851927721608,3.402828961984192,0.000360431226998678,97.31273419865825,0.0030161500581570855
10.0,43,-0.00863240252316617,-0.0005782950845154716,0.0067343873199313675,8.255181272508235,0.0009099976782641704,94.27710995762742,0.0031763079610980394
10.0,44,-0.023308486244578746,0.0004856232263037053,0.012116131197025815,2.2649883481912214,0.00021727484223049015,103.06203218204999,0.0031223974734226534
10.0,45,-0.004165322285984392,-0.0008683600107105744,0.006399664832765106,27.379150250308147,0.0033814016698141174,82.9406378791868,0.0030265851449895907
10.0,46,-0.006323679803599591,-7.636016823760453e-05,0.0020641844448545665,4.9749780942990265,0.0004917063134563339,96.07933839863219,0.0030791263951629195
10.0,47,-0.0061915656928448436,-0.00037033202223809924,0.004546680949773396,9.762213544760394,0.0010825553324746036,95.96933160459508,0.003024136791919781
10.0,48,-0.008874571957154817,-0.0006690914451211147,0.008788778750827841,7.741440720199725,0.0008643918288512269,95.83339176370743,0.0027842108684472495
10.0,49,-0.028843472591780415,0.0003455901508793893,0.013718459304880248,1.5558669452658092,0.00015180819962507992,102.8481572472918,0.0030307150223922094
10.0,50,-0.014086578290009819,-0.000807426467263161,0.00992567220369267,3.889311978299163,0.0004237711333309374,93.21963305602232,0.002909984944432473
10.0,51,-0.017616915955134888,-7.174935665204567e-05,0.0059966575500802755,1.98128888056394,0.0001974059646709901,96.11128534650179,0.0031734501833007673
10.0,52,0.004397407469124026,-0.00020617102228727923,0.003984077240929529,20.295486707939176,0.00217598523382103,87.09309470994486,0.00323071982697939
10.0,53,-0.022133889543691526,7.772099736863703e-05,0.011089269192172457,2.146246429100403,0.00021152749869405454,100.39237684549926,0.003060012796165604
10.0,54,-0.013703600249495728,-0.0011368205670533506,0.010737566462611703,4.713618356929621,0.0005294081226238011,89.55593454411994,0.003035014491218447
10.0,55,-0.02054399399361145,0.00022827390837040906,0.009044627271915795,2.0676244268165913,0.0002013406049014057,98.5877988137587,0.0030573678309580832
10.0,56,-0.005202060810903614,-6.635332180969443e-05,0.0007108498142597286,2.3139876877878525,0.00023022575058126115,95.15071186560226,0.0029227972444884447
10.0,57,-0.014361850430886487,-0.00014110730074590793,0.007085139530340512,3.3207915653005156,0.00033882591184027826,100.28297947344944,0.00314225522520004
10.0,58,-0.0031294682561792855,-8.710727065325182e-06,0.0004936075465994394,4.71767456039989,0.00046123182849142915,96.26622886518729,0.003004771335287104
10.0,59,-0.017089769909619704,-0.0010906383576848038,0.014555747183387258,4.189954818468079,0.00046525596085420184,94.54960286989696,0.003058428231461463
10.0,60,-0.027466294850261228,0.001783990918336377,0.023636935968979422,3.569017997235018,0.0003196090052609342,106.16923409917854,0.00319703949534759
10.0,61,-0.0010047639984395785,-0.0003013955994696589,0.00019919557469927351,16.772357393871815,0.0018790902894985813,88.24269093518433,0.003080087637962648
10.0,62,-0.006286958859638945,-0.00029586261117333393,0.002550431774615669,4.873512513897852,0.0005199849934151611,93.73138686882919,0.0028336066718560207
10.0,63,-0.0027678929688282,-4.2129585066204545e-05,0.0005375463428499705,7.4706509663437455,0.0007190022104717386,95.84700288687131,0.003189441663625235
10.0,64,-0.012319997801394296,-0.00044182438266202593,0.00687873975668718,3.9869599269314957,0.00042446580283416304,99.09078608483762,0.0030588662251828597
10.0,65,0.0012427353485968242,0.00021682088927010975,0.0003855681481815809,26.922613160286723,0.002439920387674415,113.8691599602495,0.0031176712168956406
10.0,66,-0.016837307782941728,0.0005675347653404078,0.007554165261601686,2.8642138178372396,0.0002720933606467828,106.33335661332646,0.0031842955161232923
10.0,67,-0.006954885459417428,9.652383007189636e-05,0.0015958799045721062,3.5267992276668454,0.0003411296458065622,105.29214821305303,0.003192648756848659
10.0,68,-0.017625761811538677,0.00016875733973586217,0.008674252434305751,2.408828687721684,0.0002384928489464255,101.87547973050874,0.002924015287353386
10.0,69,-0.0060307525091395945,-0.0003793849580777053,0.003318185527039441,8.202983505317581,0.0008786038656617694,93.08242172815844,0.0031026242001913427
10.0,70,-0.005807187199792348,0.0002959853567868918,0.003443720536174255,8.9473822182265,0.0008351063074309098,105.30820193693033,0.00286139971758359
10.0,71,-0.004259442503143607,0.00014017032738838925,0.0015958315701934955,8.099500552458336,0.0007974270302602402,104.76414979823933,0.003009219644974795
10.0,72,-0.002864357894455657,1.3708258155909442e-05,0.0007254275318379078,7.731437456247026,0.0007367997572039984,97.30991127671174,0.0028793766306902755
10.0,73,-0.010651833199621884,-0.00022224005156179928,0.005695617984245782,4.407860105713756,0.0004579264086196619,98.44488984509597,0.003023303329508569
10.0,74,-0.0038791827786135943,0.0006182904936881318,0.004086782958817481,29.347623794096293,0.002508618246512489,114.91346748673422,0.003039110231454645
10.0,75,-0.008309185106183092,0.0002611003466517565,0.0047390635378372625,6.642179348512147,0.0006356783187342694,101.8094454342578,0.0030458478437723185
10.0,76,-0.0027198102898768287,-5.272373572274643e-05,0.0003775402255229432,4.723557095066512,0.00046350049081464445,95.61153980419739,0.002994289266558882
10.0,77,-0.002031109965571961,0.00041477517927816375,0.0015210256183764148,37.48265033737781,0.0032157161301928725,114.12369725552982,0.002953146617776686
10.0,78,-0.003524997094769529,0.0003749045714740313,0.0014069334355760743,12.172833144116924,0.0011172688076987623,110.98103280597229,0.0031352618106212636
10.0,79,-0.023400843276071254,-0.0001128803262406238,0.011416043971267942,1.8901560177327532,0.00019099732667911487,98.53909456163566,0.0030278873631985285
10.0,80,-0.02192437392408562,0.0009443709436749982,0.014267515696222755,3.2613689473400136,0.0003049475133297697,104.17414741709499,0.003208461871942799
10.0,81,-0.010932014411423387,-0.00029482322722315164,0.006072538380820225,4.536468663108514,0.0004788674555637518,97.77189620294413,0.003072963226844972
10.0,82,-0.018564999411912093,0.00044025019819113554,0.010272473205267252,2.617468107957798,0.00024949196780930217,102.35665338516995,0.0028960954220856065
10.0,83,-0.0034857492907640645,-0.000653480279654299,0.004904656910322158,28.265862556024658,0.003439635427084644,85.99157859733043,0.0029198933243666137
10.0,84,-0.014061491410275755,-0.000758799958951741,0.009845775396410517,4.230720536708799,0.0004642112776925862,94.18866953635202,0.00305495408071244
10.0,85,-0.022442839730312775,0.0009724484643842473,0.01371846840856894,2.7954637536114926,0.0002596554420341219,105.99695766725841,0.0030859080347932846
10.0,86,-0.010193899346450255,0.00012222636850809336,0.005114399518019064,4.477420155718153,0.00043864702854793525,100.0661409272468,0.0029875238099772105
10.0,87,-0.011075287520516824,-0.0005774194388153829,0.006883315892226571,4.904463488096848,0.0005335519004982258,93.86432407616098,0.0030836369241213865
10.0,88,-0.013647668633728006,0.00037297203422791494,0.007116533370276623,3.818827738110628,0.00036651139759859123,103.89027802363319,0.003098013121492813
10.0,89,-0.0165091385788875,0.0005069035920643125,0.009562783133567954,3.5020056164497504,0.0003356770966607609,102.63672591144237,0.003096170280358764
10.0,90,-0.0015432268481808007,0.00030610634607028376,0.00046461500394368027,20.002549538811436,0.0017827677591449715,112.17514392395455,0.0030187129769111655
10.0,91,-0.016634714048490217,-0.00016805016687756132,0.008334242337895592,2.8685012705285935,0.0002896092333405397,98.43081069020187,0.0031033902710800865
10.0,92,-0.02102293278552732,0.0016611743380669922,0.021606971115056606,5.514550036649227,0.00048674106302703016,106.94304681118182,0.0031582978967117153
10.0,93,-0.01750301306765039,-0.001001148178237655,0.013399519413265781,4.061081324395244,0.0004370065729334346,95.11947432642688,0.0031640610153944376
10.0,94,-0.007146914306523232,-0.0006061332057984155,0.0069911585857656,11.757145435734985,0.0013221028034057637,94.69655327300012,0.0031105478668539306
10.0,95,-0.0209065024804802,-0.00018371713347283577,0.010508553905672735,2.4135260291381817,0.0002481106621983287,98.70701947352227,0.003215252202067267
10.0,96,-0.01178961078249139,0.00019075953537021776,0.00598426844441613,4.53649948824282,0.0004372188094123832,100.26787743328029,0.0031886669268726925
10.0,97,-0.0003345578177520132,0.0002104530243420698,1.7126885671459036e-05,13.963450058499442,0.0013124542658940715,110.52457831637413,0.002920924275324702
10.0,98,-0.005481847750060181,-5.1520545556991504e-05,0.0014102654311128893,4.193459404062114,0.0004207842953152741,95.96708885856617,0.002981773354144787
10.0,99,-0.005618754900534116,0.00033146305517183026,0.0013617199846762684,3.8482534960779478,0.00036218126564690627,108.74577558370616,0.0028766309086525332
