market_depth,run_id,curve_roughness,return_volatility
20,0,0.024740300472108262,0.007957422693102983
20,1,0.02446431177571376,0.007607469372880219
20,2,0.02517379903350692,0.007397034214230224
20,3,0.024513100779287943,0.007757500559275264
20,4,0.025641025641025644,0.007131057203615159
20,5,0.024140255278202603,0.00770375502695748
20,6,0.025408817964902394,0.007428057173058814
20,7,0.024935593656174638,0.00746415817218563
20,8,0.02444142275956,0.00737980036213662
20,9,0.024472256895111573,0.00776661650456784
20,10,0.025641025641025647,0.007843329715540396
20,11,0.025641025641025644,0.007448019004325248
20,12,0.024490221607646398,0.0076822816065468215
20,13,0.025641025641025647,0.0073598575740719185
20,14,0.024574001354002763,0.007761534335688538
20,15,0.02487644048613745,0.007490107398563264
20,16,0.025369899257130523,0.007401872148006753
20,17,0.024543756622633063,0.0075794138505144845
20,18,0.02420897945251125,0.0074409558393985446
20,19,0.025000995967465117,0.007389376629606347
20,20,0.025641025641025647,0.007763318848629356
20,21,0.02511243421495286,0.007738141586090694
20,22,0.025641025641025647,0.007914433123714119
20,23,0.024402155819416058,0.00738473834767545
20,24,0.025641025641025644,0.007638474005128394
20,25,0.025641025641025647,0.007326317387887537
20,26,0.025641025641025644,0.007245424700877062
20,27,0.025641025641025647,0.007419937399584654
20,28,0.024603726252034778,0.007519544908254559
20,29,0.025530888060715216,0.007547621104311261
20,30,0.02564102564102564,0.007962337279994344
20,31,0.023916778758175175,0.007469726615818953
20,32,0.024871355782652767,0.007413891995172091
20,33,0.025561750015639935,0.007398415954150345
20,34,0.023882234384886916,0.00761084880443593
20,35,0.025028144422146237,0.007170307925100503
20,36,0.024476179410436144,0.007549757749788264
20,37,0.025306911272210922,0.007690614542098796
20,38,0.025456393622521688,0.007544517321782467
20,39,0.02564102564102564,0.007889290602725365
20,40,0.02418195077607489,0.007798054323548275
20,41,0.025395698282299574,0.008032381209089464
20,42,0.025641025641025644,0.007304964124827834
20,43,0.024709358069724623,0.007643866137684684
20,44,0.024453130557756782,0.007671676724703116
20,45,0.02432759321117385,0.007349484302863356
20,46,0.025641025641025647,0.007545582152451399
20,47,0.02539212287313497,0.007943313371411761
20,48,0.024148398147170853,0.007624914666882349
20,49,0.02564102564102564,0.0073901203739514375
20,50,0.02479365435621491,0.007959121143634168
20,51,0.025271593407355367,0.007821641769829576
20,52,0.025641025641025644,0.007208851265653717
20,53,0.023714525184850205,0.00768199363500591
20,54,0.024679296434554018,0.00769814398898523
20,55,0.02409395480881126,0.007585613856556551
20,56,0.02501535231047205,0.007915634461388224
20,57,0.025223119849858477,0.007369264660286424
20,58,0.024877127859583188,0.007797069197210221
20,59,0.024932197688130597,0.007663510586104391
20,60,0.02474341182081758,0.007458273678113453
20,61,0.024030639176352852,0.007767379537760995
20,62,0.025200786121615797,0.007812236152259104
20,63,0.024102685914844383,0.007262229118773696
20,64,0.02471263979475604,0.007624891089486716
20,65,0.025543105807414486,0.007868548065157025
20,66,0.025641025641025647,0.00777678084229358
20,67,0.025641025641025647,0.007882541512580268
20,68,0.025474104124073863,0.0076571504869899654
20,69,0.025641025641025644,0.007474385994225378
20,70,0.024872405979931116,0.007511070926765816
20,71,0.025617439966418437,0.008078550252952852
20,72,0.02482134810821605,0.007568057708818586
20,73,0.02521391481027386,0.007679695381793131
20,74,0.02543555080508382,0.0076097821912371666
20,75,0.02546934945794694,0.00780009055656995
20,76,0.02558955140643733,0.0074706108502272
20,77,0.024473831982511213,0.00713006357515989
20,78,0.02521679445465657,0.007681527935485665
20,79,0.024730376803684635,0.007744552229464773
20,80,0.02445508363053407,0.00752846729834938
20,81,0.02564102564102564,0.007386016456531981
20,82,0.02564102564102564,0.007423731143416816
20,83,0.024689411830379218,0.007307417150641416
20,84,0.024685890064579524,0.0074148919705254
20,85,0.024583063273347236,0.007443559157701866
20,86,0.025641025641025647,0.007602873334655154
20,87,0.02465194938498226,0.00759841006665013
20,88,0.025641025641025644,0.007525711168327447
20,89,0.023341872216418112,0.007928535681655108
20,90,0.0254951167284911,0.0078035965651194845
20,91,0.024445267495237257,0.007673667246798387
20,92,0.025641025641025647,0.007781959533404256
20,93,0.023541112242765665,0.007436600772252934
20,94,0.02564102564102564,0.007580678009161548
20,95,0.024754231747624533,0.007622313985630941
20,96,0.024421334533418028,0.007488829099096868
20,97,0.025641025641025647,0.007130311895992667
20,98,0.024529927613942522,0.007561931980474519
20,99,0.02564102564102564,0.007744559628372435
50,0,0.010101010101010107,0.004981112055699257
50,1,0.010101010101010104,0.004922285551294849
50,2,0.010101010101010107,0.004659586873685063
50,3,0.009864737090620824,0.0050027344416859595
50,4,0.010101010101010107,0.004610490407711906
50,5,0.009883319396050668,0.0047941466275912645
50,6,0.010058471697468466,0.004643647158655509
50,7,0.009914850923808085,0.005113077908654674
50,8,0.009908948520661256,0.004510924001505086
50,9,0.010043847622230009,0.004812781268859054
50,10,0.009966789079002555,0.004707176947886132
50,11,0.010007729412111453,0.004725099082736922
50,12,0.00996348102722077,0.005089084994692833
50,13,0.009783533733148464,0.0047269709627011875
50,14,0.009942115369724131,0.005009070577222051
50,15,0.009938581499580153,0.004889372524617781
50,16,0.010042144632957252,0.004831757829841298
50,17,0.010101010101010107,0.004778573332839881
50,18,0.009928169227043853,0.004853276855829694
50,19,0.009975349190516828,0.004991156657739032
50,20,0.010101010101010107,0.004893706960650669
50,21,0.010030135696705359,0.005057013545615545
50,22,0.01010101010101011,0.005058803858818031
50,23,0.009991052348027952,0.004658716728454293
50,24,0.00994996130248757,0.004696102185379232
50,25,0.010095908084116213,0.0048293850013003525
50,26,0.010101010101010107,0.004686295826859206
50,27,0.009870549152769097,0.004639281029984761
50,28,0.009928704412369403,0.0048224931708318935
50,29,0.009932742349131642,0.004684774547414892
50,30,0.009944935124595029,0.00484783962845988
50,31,0.01001943362556398,0.0050546432826873025
50,32,0.00990350600262575,0.004843712037360572
50,33,0.010101010101010104,0.004715108138313
50,34,0.009837576200164417,0.004655719357489076
50,35,0.009979546032680416,0.004993829491081252
50,36,0.010101010101010107,0.004610251612314225
50,37,0.009935539784040534,0.004687048336535796
50,38,0.010101010101010107,0.005035685549594818
50,39,0.010101010101010107,0.00470749488226466
50,40,0.010101010101010107,0.004914530275528796
50,41,0.009922935601838774,0.004678936436417337
50,42,0.009866243787687655,0.004715322868615434
50,43,0.009992098141479631,0.004579647931492605
50,44,0.009921364922154613,0.005011555050330807
50,45,0.009986601139570355,0.004852030815221599
50,46,0.00985541051375342,0.00474315149960433
50,47,0.009980988217609316,0.004786942752542496
50,48,0.010101010101010107,0.00499721876108215
50,49,0.009925039219404332,0.004913783023490064
50,50,0.010002090029107895,0.004852124073419585
50,51,0.010101010101010104,0.004768373848673017
50,52,0.010101010101010104,0.004761420998861482
50,53,0.010101010101010104,0.004618060702692603
50,54,0.01001234060772693,0.00493797014174934
50,55,0.01010101010101011,0.0046105113801156875
50,56,0.009988472910249152,0.004872741722621775
50,57,0.009989844908591838,0.00495577358648417
50,58,0.010001125891547086,0.004949974655545841
50,59,0.009923610957674644,0.005098349499777335
50,60,0.010101010101010104,0.004709899256021863
50,61,0.010101010101010104,0.004827276410105752
50,62,0.009914032917699742,0.005086231030195372
50,63,0.010101010101010107,0.004992238668891935
50,64,0.009914136004629412,0.004841027058449321
50,65,0.010101010101010104,0.004843867825082748
50,66,0.009986992869259782,0.005212012108998804
50,67,0.009926726012677727,0.004697962259118113
50,68,0.009753777251429065,0.005149483366957547
50,69,0.010101010101010107,0.0047593803314450785
50,70,0.010101010101010107,0.004731101985006335
50,71,0.010101010101010104,0.004723044703877404
50,72,0.010101010101010104,0.004728389008368347
50,73,0.009884890341337976,0.004858306828489305
50,74,0.010081773279628196,0.004930456850636082
50,75,0.009889760551807382,0.004736931906120016
50,76,0.009938167919515045,0.0048488255308321015
50,77,0.009997675932401683,0.004717971856253149
50,78,0.01010101010101011,0.005092413581278393
50,79,0.010101010101010107,0.004777525779704873
50,80,0.009984745282508199,0.004619350736793986
50,81,0.010085817267065856,0.00483515841042261
50,82,0.010101010101010104,0.004803684832328959
50,83,0.009741400975608092,0.005080176847098109
50,84,0.010084297832187405,0.004861076770966081
50,85,0.010071934972897285,0.0052770244317553
50,86,0.010088770088117052,0.004527376128690558
50,87,0.010077310702991685,0.004873701754487378
50,88,0.00986532897688528,0.004641414952724021
50,89,0.010101010101010105,0.004916282547498844
50,90,0.010101010101010107,0.004941577715368138
50,91,0.00983246175455723,0.004886388029557275
50,92,0.010059349761822189,0.004645673558432623
50,93,0.0098189652884002,0.004789236454986696
50,94,0.009928206661442191,0.005071098299554231
50,95,0.009952340520960962,0.004754181756617623
50,96,0.009903525745573507,0.004634662736346362
50,97,0.009920998956741853,0.004582897814998498
50,98,0.010006087063178275,0.005162334638772425
50,99,0.010066462513653516,0.004779933583693846
100,0,0.005025125628140706,0.003282342690009519
100,1,0.0050222103351355175,0.0035307996180190446
100,2,0.004987062863223556,0.0034046814010255015
100,3,0.005025125628140707,0.003431568729887848
100,4,0.005025125628140708,0.0033045424659203775
100,5,0.005020126834860791,0.0035560461750829536
100,6,0.004965295104663297,0.003542769087326139
100,7,0.004997123423358767,0.0034117623278562704
100,8,0.005017447005074753,0.0036088564594191266
100,9,0.005025125628140708,0.003584593617479583
100,10,0.005025125628140707,0.003298713028336276
100,11,0.004977307229390217,0.0034055267314404194
100,12,0.004973325747669225,0.003271114837753609
100,13,0.004987808254707958,0.0035953963834203387
100,14,0.005025125628140707,0.0033152080958481394
100,15,0.004995117100622516,0.0036019357162304297
100,16,0.004987631040528632,0.0034715551241838987
100,17,0.004987660138297439,0.003184719686808483
100,18,0.005025125628140708,0.0033332716403528025
100,19,0.005001268907470465,0.0033999139167398633
100,20,0.005024469258333671,0.0033924863332544237
100,21,0.005005157574101388,0.0036443533662577163
100,22,0.0049774159618779295,0.0033859632841308387
100,23,0.0049867721452838435,0.0035118931776904018
100,24,0.005025125628140707,0.003451998065640979
100,25,0.004979989745789552,0.0034455308275902746
100,26,0.00501711959785487,0.0033613957409137866
100,27,0.005015297149095858,0.003411884701443364
100,28,0.004952614074945028,0.003375273484039718
100,29,0.005025125628140708,0.0033993916500779796
100,30,0.005025125628140708,0.0032828355535636056
100,31,0.005010504565145915,0.0034356094111852647
100,32,0.0050004073702019595,0.0034888720068141344
100,33,0.004999207062587562,0.0033007711465064256
100,34,0.00502512562814071,0.003366045834410213
100,35,0.004987100593426698,0.0033604740134733787
100,36,0.0049985996480187925,0.0033978656922561933
100,37,0.005025125628140705,0.003310968450345539
100,38,0.004980669239506078,0.00332753194766137
100,39,0.005001208181038719,0.00332980280160137
100,40,0.005002985590176924,0.0034005565931983822
100,41,0.00501512780164068,0.0035023446824013365
100,42,0.004994047545330739,0.0035338584367716726
100,43,0.005002556808347661,0.0034232714081891377
100,44,0.004987602969977134,0.0032748575654941176
100,45,0.005024050354189885,0.0032746258054822484
100,46,0.004982163606602599,0.0032394991885043626
100,47,0.004995927937443345,0.0033740616071101653
100,48,0.005025125628140706,0.0033945057388524284
100,49,0.004974331847998098,0.0033019110834055813
100,50,0.005025125628140708,0.003384112837221586
100,51,0.0050066523780034925,0.003362570538291805
100,52,0.004981484398783725,0.003482755561607074
100,53,0.005008990944482275,0.0031919997021148815
100,54,0.0049544259222321484,0.00344326181105332
100,55,0.004978759604827328,0.0033495437053383407
100,56,0.004988038519940615,0.003495230394881237
100,57,0.005025125628140708,0.0034778126765953182
100,58,0.004985618372437019,0.003476005956523149
100,59,0.005013722632328771,0.003468353412037461
100,60,0.004992192185564792,0.003446206667095454
100,61,0.005025125628140706,0.0033516446381607326
100,62,0.0050251256281407045,0.0035471484722641054
100,63,0.005025125628140706,0.003359441366918662
100,64,0.00496793624232141,0.0034358874097492713
100,65,0.004991606839547402,0.0033512228264332426
100,66,0.004978282818659863,0.0037481886021563694
100,67,0.005025125628140708,0.0035782880340638327
100,68,0.005002141688921056,0.003748143451133777
100,69,0.005025125628140706,0.003297085202814322
100,70,0.004989642801137421,0.003418008065894198
100,71,0.004980943294389601,0.00350564798343682
100,72,0.005025125628140707,0.0033599749294153914
100,73,0.0049464202969017185,0.0036103629993118353
100,74,0.005008929344662754,0.0032979646333943405
100,75,0.0049851616009906645,0.003538490943544823
100,76,0.004984840593404156,0.0034338507869004766
100,77,0.005004591221775509,0.003497215423896921
100,78,0.005025125628140708,0.0032726773860862696
100,79,0.005024393746300275,0.003391845964410343
100,80,0.005005019729353875,0.0032969920825255666
100,81,0.004991734195143337,0.0032337608882154
100,82,0.004991614967391719,0.003561054997603315
100,83,0.004985555703033415,0.0033191221281692667
100,84,0.004988130681107052,0.003414873083834716
100,85,0.004936698482196478,0.003353077716483443
100,86,0.005025125628140708,0.0032853186953632862
100,87,0.00500243673615464,0.00349448208523208
100,88,0.005013220941476942,0.003470088569033014
100,89,0.00502426128170409,0.0034691859560312213
100,90,0.004948496014209098,0.003396108853738799
100,91,0.005013820356237003,0.003458826890728096
100,92,0.0049996283963083706,0.0035881444288492024
100,93,0.004968960084493953,0.003550742447708157
100,94,0.005002890299785124,0.003312589703094438
100,95,0.004973788680930002,0.0034627257483314847
100,96,0.005025125628140706,0.003484345343327451
100,97,0.004992717001383651,0.003537811867482567
100,98,0.005025125628140708,0.0034519606306173058
100,99,0.0049728911466024985,0.0034603448663054317
200,0,0.0025062656641604043,0.0023088215916000714
200,1,0.002501342394250612,0.0025027543501616434
200,2,0.002498201304280731,0.0024234164623438102
200,3,0.0025062656641604043,0.0025196788466495487
200,4,0.002499598507388362,0.002423574421796842
200,5,0.0024998716674414466,0.002366384851886358
200,6,0.002494448092189231,0.002485236037632881
200,7,0.0024958593077858394,0.0022946425972819426
200,8,0.002506265664160406,0.002388375549840692
200,9,0.002502410067048138,0.0024201041764089874
200,10,0.002494066417965142,0.0023767383029629054
200,11,0.002487780254648883,0.0024365308895631962
200,12,0.0025062656641604048,0.00239577943124451
200,13,0.002493879777530508,0.0024394969447051594
200,14,0.002502653513583719,0.002444577910402436
200,15,0.0024931196326538,0.002355763250123436
200,16,0.0025062656641604048,0.0025086911995178306
200,17,0.0024914421222237545,0.0023787010415399342
200,18,0.0025023518062596674,0.002497835310015425
200,19,0.0025062656641604035,0.002379204637208885
200,20,0.0025062656641604035,0.002406206107874086
200,21,0.002484668517269372,0.002371737519273988
200,22,0.0025062656641604048,0.0024341411334301614
200,23,0.0024936416496060066,0.0024718463431595843
200,24,0.0025062656641604056,0.0025426702707701935
200,25,0.0024997068735701407,0.0024839005659990955
200,26,0.002503234503098708,0.002436650065829752
200,27,0.002506265664160406,0.002217155548481119
200,28,0.0025008819533797358,0.002364302023820515
200,29,0.0025020989739600033,0.0024129354120963715
200,30,0.0024908506233284216,0.0024272999153712987
200,31,0.0025062656641604048,0.0023067116112801813
200,32,0.002498632737581853,0.0024383658647244254
200,33,0.002497517082294835,0.0024042563633478197
200,34,0.0025022654032234807,0.002233999781677209
200,35,0.0024977424789956147,0.0024315040613849264
200,36,0.0024940888293145435,0.002409609266709618
200,37,0.0024994770058266785,0.002369668504120683
200,38,0.002496380181656755,0.0025693086549543344
200,39,0.0025062656641604026,0.0023396629211312
200,40,0.0025062656641604043,0.002271702226384915
200,41,0.0024990431266814312,0.002395155893298294
200,42,0.002500828577668453,0.0023885392465650144
200,43,0.002494032239673506,0.00229638885433788
200,44,0.00249178767646904,0.0023007012689778036
200,45,0.002506265664160406,0.0024994416742895663
200,46,0.002486770246136144,0.0024306371312832614
200,47,0.0024950922939026964,0.0024212339804240354
200,48,0.002503179562299804,0.0025075129186114633
200,49,0.0024992210501612296,0.002399017288697518
200,50,0.002504862990450905,0.0024336368369088208
200,51,0.0024957225356145025,0.002461888853777894
200,52,0.0025062656641604035,0.002458359984494604
200,53,0.0025062656641604043,0.0024273167475206145
200,54,0.002501806880030096,0.0024465813108125174
200,55,0.0024996027261019434,0.0024448346331135988
200,56,0.002491441483134219,0.002414782616324075
200,57,0.0025009891686634082,0.002409849221420831
200,58,0.0025062656641604043,0.002424480791333924
200,59,0.0024880875530386777,0.0023906238070524866
200,60,0.0025030208552346824,0.0023953229028751944
200,61,0.002502239262228272,0.0024106810512211155
200,62,0.002504292466128168,0.002445170495908277
200,63,0.0024955806519726662,0.0023221875469064132
200,64,0.002502086202853355,0.0024742299714082226
200,65,0.002506265664160405,0.0023708141413586693
200,66,0.002488386454068797,0.0023253090072378755
200,67,0.002494092335272316,0.002471193638890273
200,68,0.0025039248396802223,0.0024400371372474403
200,69,0.002506265664160405,0.0025550562534326733
200,70,0.0025062656641604043,0.002407626512999413
200,71,0.0024902456774186896,0.0024469066143441684
200,72,0.0025062656641604048,0.002502013509605606
200,73,0.002500372466026163,0.002387672374021345
200,74,0.002494761888507305,0.0024935066092730907
200,75,0.0024970015184317728,0.0023496967242904857
200,76,0.0025032206128371513,0.0024024936392604257
200,77,0.0025062656641604043,0.002576452800213402
200,78,0.0024927385511180344,0.0023294514850357643
200,79,0.002497025942837465,0.0024643372872233797
200,80,0.0025062656641604048,0.0023879198067322783
200,81,0.0024991776209349827,0.0023653423912192053
200,82,0.0025002270085375503,0.00228097733031394
200,83,0.002496746976057074,0.002276789993214581
200,84,0.0025062656641604065,0.0024276311887628673
200,85,0.0025003087609246676,0.0024374449207563566
200,86,0.00250123648218246,0.0025445855764507563
200,87,0.0025048664386251853,0.002469645717857233
200,88,0.0025034084446569436,0.0024694201818505957
200,89,0.0025062656641604035,0.002448094588747875
200,90,0.002499222305847727,0.0025026479010435785
200,91,0.0025062656641604043,0.0024755794677996054
200,92,0.002501982620245647,0.0023696255273962614
200,93,0.002506265664160406,0.002301479034039667
200,94,0.002499113882700136,0.002449631629817318
200,95,0.0025024119084229,0.002413204268598041
200,96,0.002503215687864666,0.002389880567390489
200,97,0.0024955288550129644,0.0023793050483706855
200,98,0.00249318790577823,0.0023842601614925173
200,99,0.00250064774796027,0.0023015190401564915
500,0,0.001000873473723029,0.001367774728050412
500,1,0.0009994182287369705,0.0014291040252434476
500,2,0.0010010010010010045,0.0015606298716875264
500,3,0.0010010010010010036,0.0014555878263882427
500,4,0.0010008672294062899,0.001483289135415464
500,5,0.0010010010010010045,0.0015237054996584396
500,6,0.0010000797227613639,0.0015162484502539324
500,7,0.0010005937160370245,0.0015969901189371017
500,8,0.0010005136035921367,0.0014266681985610932
500,9,0.0009999774197873305,0.0014802037346184499
500,10,0.001000436678823216,0.0015101439087770534
500,11,0.0009994386710538003,0.0015604907213088944
500,12,0.0010010010010010038,0.0015510414884641955
500,13,0.0010000738314314519,0.001577651329985907
500,14,0.0010008000813522622,0.0015265464512779995
500,15,0.000999022580342838,0.00152615650291766
500,16,0.0010002688585628973,0.0015534661891047352
500,17,0.001000326105472521,0.0014998245811759273
500,18,0.001000436260111899,0.0015636827669481945
500,19,0.001000525657448294,0.0015611776355207386
500,20,0.0009990863737560098,0.0016049798061547682
500,21,0.0010000332500843768,0.001456986302076896
500,22,0.0009987014390936927,0.001609239855149417
500,23,0.001001001001001005,0.0015405145862277655
500,24,0.001000317262543196,0.0014385527144151393
500,25,0.000999209728354987,0.0014925673061535558
500,26,0.0009994032892212449,0.0014482330465707593
500,27,0.0010010010010010038,0.001508482967102564
500,28,0.0010010010010010036,0.0016030910087376632
500,29,0.0009987721885582634,0.0014918013538544792
500,30,0.0009998665062921513,0.0014861059127071114
500,31,0.001000337341856471,0.001546333554469468
500,32,0.000998520190085172,0.0014699869443626857
500,33,0.000999996087577711,0.001467244499182199
500,34,0.0010003730380259766,0.0015072570531777627
500,35,0.001001001001001004,0.0014767887662633962
500,36,0.0010010010010010045,0.0015585066803488143
500,37,0.0009998971524790925,0.0015616930298469232
500,38,0.001001001001001005,0.001511793417143808
500,39,0.001001001001001005,0.0015222598362658354
500,40,0.0010010010010010051,0.0015278690094393521
500,41,0.001001001001001004,0.0015041214074374622
500,42,0.0010002539975891211,0.0014524153137447358
500,43,0.0009999638827290378,0.0015843264964272821
500,44,0.001000247291886934,0.001488269920868015
500,45,0.0009998598197946298,0.0014934197250819872
500,46,0.00099790522576361,0.001442640391856733
500,47,0.000999403163166822,0.0015537012830476493
500,48,0.0010010010010010058,0.0014990425134380838
500,49,0.0009991009193567922,0.0015164769401553072
500,50,0.0010010010010010045,0.0015925048167112473
500,51,0.0010010010010010055,0.001563853055333383
500,52,0.0009990683806219126,0.0015486330406507879
500,53,0.0009994954667434533,0.0016069384136433212
500,54,0.0010004258367301553,0.0015018228019146916
500,55,0.001000829398504327,0.0014687515703258845
500,56,0.0009993322416556804,0.0014865815274542288
500,57,0.001001001001001005,0.0015400780030034374
500,58,0.0009996029980385375,0.0014393259067770274
500,59,0.0010008519018560149,0.001508598732310035
500,60,0.0010010010010010036,0.001532355822068106
500,61,0.0010008177125263567,0.001472660690753338
500,62,0.0009976196286083895,0.0014901447109848752
500,63,0.0010010010010010045,0.0014429548804361643
500,64,0.0010007912234689291,0.0015302177559567058
500,65,0.001000132236033914,0.001513827011346404
500,66,0.0009985947516481632,0.0015109721848064652
500,67,0.0009993354817725208,0.00147609384624536
500,68,0.0010003390298837403,0.0015053468262332828
500,69,0.0009999619742979424,0.0014504749490943302
500,70,0.0010008950173457975,0.0014829632448024911
500,71,0.0010000502514694821,0.001527412270841761
500,72,0.000999131923338309,0.0015311600255797312
500,73,0.000997300337891732,0.0015173205057924257
500,74,0.000999809570697842,0.001499831932643453
500,75,0.0009998297047229586,0.0015857901793015887
500,76,0.001000599347517289,0.001551377002165734
500,77,0.000999347289288105,0.0015248469080646654
500,78,0.0009995412493379963,0.001482882490721065
500,79,0.0010002592650779907,0.0015921823350695606
500,80,0.0009976687772542158,0.0014613818017125092
500,81,0.0010000605008136923,0.0015330784123256589
500,82,0.001001001001001005,0.001522493637309213
500,83,0.0009994031074553394,0.0015128729322669882
500,84,0.0010002404113102466,0.001523013216757464
500,85,0.000998043357269717,0.0015994334212988913
500,86,0.0009976024410635839,0.0015076828431017342
500,87,0.000998332032362066,0.0015402431360242758
500,88,0.0010002055578006395,0.0014735024762177434
500,89,0.0009999345362186694,0.001578674880767161
500,90,0.0009994850384951448,0.001540302141273277
500,91,0.0009995670899474699,0.0016076949217442111
500,92,0.0010008513669313352,0.0015065538599296183
500,93,0.0009998867384291633,0.001562775076177187
500,94,0.0009999286593556514,0.0015720353788538741
500,95,0.0009990281464177775,0.0015597183752146602
500,96,0.0010010010010010027,0.001574379945847435
500,97,0.0009997944029383383,0.0014777816488365444
500,98,0.0009997900700260197,0.001574156828717092
500,99,0.0010010010010010045,0.0015005779931622186
1000,0,0.000500250125062535,0.0011054003684309343
1000,1,0.0005002501250625344,0.0010516014391325215
1000,2,0.0004998562346829284,0.0010970256326613133
1000,3,0.0004997810557299989,0.0010844063709156949
1000,4,0.0005002148987702077,0.0010509992392320768
1000,5,0.0005001181959709254,0.0010607952874365765
1000,6,0.0005000972369562363,0.0010482423928642693
1000,7,0.0005001340285358087,0.0010418769417182639
1000,8,0.0004999292073979669,0.0010480310013245592
1000,9,0.000500130568665608,0.0010319110361776335
1000,10,0.0005000223634439144,0.0010381203721746184
1000,11,0.0005001760564787541,0.0010327232146599683
1000,12,0.0005002199373824545,0.001057398276780262
1000,13,0.0004999682810484887,0.0010637882016921148
1000,14,0.000499913916272397,0.00105290335370646
1000,15,0.0005000582790026997,0.0011046149349921359
1000,16,0.0004999966312146205,0.0010869988189228432
1000,17,0.0005001818113547719,0.0010711388170289154
1000,18,0.000500053352426814,0.0010405880948871106
1000,19,0.0004997036649736573,0.0011279014209005054
1000,20,0.0004999999879566862,0.0010511644653736889
1000,21,0.0005001049714129975,0.0011119648710994706
1000,22,0.0005000784407482473,0.0010987029710150906
1000,23,0.0005000127308704334,0.00106813364452968
1000,24,0.0004999472752031464,0.001086926729539349
1000,25,0.0004998120339121385,0.0010381353445921154
1000,26,0.0005002056365702883,0.0011034223455754447
1000,27,0.0004998823416717646,0.0010493941560425141
1000,28,0.0005002435126081713,0.001011082025374707
1000,29,0.0005001214367998657,0.001103681511977687
1000,30,0.0004999635555614611,0.0010849053308411788
1000,31,0.0004996797918859707,0.0010621761781761092
1000,32,0.0005002304409536947,0.0011441934164600814
1000,33,0.0004995529202319776,0.001047644273652349
1000,34,0.0005001378483944088,0.0011017154252463115
1000,35,0.0004999132378617824,0.001041338215789803
1000,36,0.0005002501250625347,0.00109266546103325
1000,37,0.0004996642535446099,0.0010778355531259037
1000,38,0.0004998123483883456,0.0010507528853312149
1000,39,0.0005000341444203242,0.0010570177115844907
1000,40,0.0004996362985733259,0.0010953661899954679
1000,41,0.0004998071398133758,0.0010397595256519422
1000,42,0.0005002501250625346,0.0010978399803226295
1000,43,0.0004999613144973112,0.0010459829593726954
1000,44,0.0005002501250625347,0.0010980822278431697
1000,45,0.0004998084091829055,0.0010699823031435321
1000,46,0.0005000731202337349,0.0010376519264456321
1000,47,0.0005002501250625348,0.0010064326480961295
1000,48,0.0004994797232827925,0.0011130912510475455
1000,49,0.0005002501250625343,0.0010860028881489383
1000,50,0.0004999623734663398,0.0010928473344088902
1000,51,0.0005002501250625343,0.0010872004156687574
1000,52,0.0004994598873406268,0.0010835735609660798
1000,53,0.0004992991781569338,0.001083622493061439
1000,54,0.0004994295972108541,0.0009801580177827044
1000,55,0.0005002501250625342,0.0010788672807973037
1000,56,0.0005002501250625352,0.0010542003714020805
1000,57,0.0005002501250625346,0.001153235836820859
1000,58,0.0004999672565057244,0.0011395182814080886
1000,59,0.0005002501250625345,0.0010947621310542306
1000,60,0.0004996158633612189,0.001029464165902073
1000,61,0.0005001000996744537,0.0010693325563551096
1000,62,0.0004999104420351267,0.0010707091791800033
1000,63,0.0004995933782595102,0.001096350331142874
1000,64,0.0004994500811268748,0.001048146385505129
1000,65,0.0005002419842245428,0.0010253538473443263
1000,66,0.0004999386379651101,0.0010789636484550707
1000,67,0.0004999077759088117,0.0010827684866034448
1000,68,0.0005001647320980744,0.0011515738753575043
1000,69,0.000499599833050956,0.0010592650364382517
1000,70,0.000500250125062534,0.0010695740187508839
1000,71,0.0005002501250625344,0.0010552026177380477
1000,72,0.0005002501250625345,0.001082993954681452
1000,73,0.000500250125062535,0.0010633398799197423
1000,74,0.0004999528047207047,0.0010630333084674156
1000,75,0.0005002501250625355,0.0010772393556769129
1000,76,0.0004998408704636987,0.0011073379061403623
1000,77,0.0004998946579051599,0.0010894771943527953
1000,78,0.0004999489078134834,0.0011239503427459862
1000,79,0.0004997614916025353,0.001077057291736556
1000,80,0.0004999074069699801,0.0011395693538191376
1000,81,0.0005002501250625345,0.0010005550682934327
1000,82,0.0004998263147266931,0.001142673736923339
1000,83,0.0004998266541957773,0.0010343716258842555
1000,84,0.0004999984385703525,0.0011043705002618549
1000,85,0.0005002122964438803,0.0010515629660654267
1000,86,0.000499644790007566,0.0011026865497458672
1000,87,0.0004997748645047015,0.0010559618540398176
1000,88,0.0004997501461108205,0.0010678024134321692
1000,89,0.0004998236616151628,0.001045240865216085
1000,90,0.0005000140081319756,0.001101664278314769
1000,91,0.0004998291216032512,0.001122235207404712
1000,92,0.0004998012903746326,0.0010609849226105791
1000,93,0.0005002426148431954,0.0010881265610860333
1000,94,0.0004997940731240616,0.0010569872906700847
1000,95,0.0004999496452309008,0.001111843035949293
1000,96,0.000499784006776942,0.0011196648757781215
1000,97,0.0005000312719691817,0.0010253279985410412
1000,98,0.0005001041459719035,0.001080575582766338
1000,99,0.0004997954589545915,0.001033711911093649
5000,0,0.00010000783585539077,0.0004919135511965812
5000,1,9.999504879543462e-05,0.0004766472282729576
5000,2,0.00010001000100010396,0.0004963417575938718
5000,3,0.00010001000100010363,0.00046952965761051975
5000,4,9.999494616031709e-05,0.0005051650160207991
5000,5,9.999107586325587e-05,0.000497196824902954
5000,6,9.99903449553307e-05,0.0005031572282813496
5000,7,9.999886730222398e-05,0.00046560733238248285
5000,8,9.999193891209751e-05,0.0005026276199440468
5000,9,0.00010000004543001166,0.00048001512591051756
5000,10,0.00010000139737387683,0.00045967586778221
5000,11,0.00010000400625743123,0.0004852361105890567
5000,12,0.00010000217982971734,0.0004758199973483911
5000,13,0.00010000918613750428,0.0004841819088714628
5000,14,9.999218541952771e-05,0.0004972790819087571
5000,15,0.00010000957655231174,0.0004876231084147417
5000,16,0.00010000616134077961,0.00047299800413711976
5000,17,0.00010001000100010374,0.0004801379443751907
5000,18,0.0001000031940863435,0.0005057253147039821
5000,19,0.00010001000100010385,0.0004630495484021083
5000,20,9.999719647011887e-05,0.0005161871792316045
5000,21,0.00010001000100010417,0.0004841855475264635
5000,22,0.00010000462199974176,0.00048070042555197314
5000,23,9.999265658590175e-05,0.0004859077087565206
5000,24,0.0001000053515494108,0.000490599529993394
5000,25,9.998560837025605e-05,0.0005049996331413011
5000,26,0.00010001000100010386,0.0004856525083582037
5000,27,0.0001000081804074362,0.0004577155718629077
5000,28,9.999628342527961e-05,0.0004939341626098675
5000,29,9.997589229085107e-05,0.000472537457659674
5000,30,0.00010000368675233111,0.0004526636099233276
5000,31,0.00010001000100010367,0.00046203384860442597
5000,32,0.00010001000100010382,0.000508890051671768
5000,33,9.999297821370714e-05,0.0004655713284853493
5000,34,0.00010001000100010404,0.0004675950524587577
5000,35,9.998553446931699e-05,0.0004728313372053573
5000,36,9.999950412904377e-05,0.0004827903367422101
5000,37,9.999486676340091e-05,0.00048739262899826635
5000,38,9.999266922100556e-05,0.00047944303006927484
5000,39,0.000100010001000104,0.00048079026077716184
5000,40,9.999470066917557e-05,0.00048320081301665957
5000,41,0.00010000052520936288,0.0004689732315779821
5000,42,9.998902601805745e-05,0.0004896308139852553
5000,43,0.00010001000100010385,0.0004998627708579143
5000,44,0.00010000083145121885,0.0004938049828954248
5000,45,0.00010000191077529788,0.0004678623893751686
5000,46,9.99948338897347e-05,0.00047106149628763945
5000,47,0.00010000326489671213,0.0004690406410174058
5000,48,9.998541226929185e-05,0.00046388729034481526
5000,49,0.00010000330337646141,0.0004845634113881056
5000,50,9.999203892798001e-05,0.0004918032054226145
5000,51,0.00010000309458026874,0.0004706405677123581
5000,52,9.998845149532801e-05,0.00047343077507001994
5000,53,0.00010000687093920967,0.00046813176992416316
5000,54,9.99982612497135e-05,0.00047436662984562215
5000,55,9.999181733806093e-05,0.00047815906931830823
5000,56,9.999549690137255e-05,0.00048228698341003235
5000,57,0.00010000312157948044,0.0004835259097890601
5000,58,9.999024517252865e-05,0.0004954793550091773
5000,59,0.00010000050773437103,0.00046056072559753745
5000,60,0.00010001000100010389,0.0004742124837186426
5000,61,9.999619001607255e-05,0.00045721526951676987
5000,62,0.00010000766581143824,0.000484391348269896
5000,63,9.999505446863325e-05,0.00048451167243037594
5000,64,9.999262776203847e-05,0.0004906290375065581
5000,65,9.999598404277464e-05,0.00048494163855315205
5000,66,0.00010000783281681933,0.0004743251854872811
5000,67,0.00010000057591976516,0.0004918329113637101
5000,68,9.99936651932799e-05,0.0005008671933463585
5000,69,9.999246523538109e-05,0.00048488541004226257
5000,70,9.999877031352693e-05,0.0004920423808055093
5000,71,9.99932114393531e-05,0.0004948838947011237
5000,72,9.999410364143406e-05,0.0004920364245194854
5000,73,0.00010001000100010366,0.00045781190966635415
5000,74,9.998581732018056e-05,0.00047581856439976903
5000,75,0.00010001000100010396,0.00046560023699066715
5000,76,9.999844155347704e-05,0.000449396375184447
5000,77,0.00010000397083556199,0.0004391110842266029
5000,78,9.999817576906156e-05,0.0004858605848285054
5000,79,0.0001000003969224091,0.0004996072170252066
5000,80,0.00010000663990726287,0.0004926831038812834
5000,81,9.997629426037019e-05,0.0004893279023780613
5000,82,9.999630780276744e-05,0.0005053057403032172
5000,83,0.00010000793968223615,0.0004967552946832152
5000,84,0.00010000053843227093,0.0005102077227577816
5000,85,0.0001000044885912087,0.0004759162615488219
5000,86,0.00010001000100010398,0.0004886387037091868
5000,87,0.00010000123348099575,0.0004935833270463403
5000,88,0.00010000475356096263,0.0004520153049473575
5000,89,0.00010001000100010396,0.0004942449539083906
5000,90,9.998709695602157e-05,0.0005220972347954599
5000,91,9.999218778866944e-05,0.0004689469031918374
5000,92,9.999440097832794e-05,0.0005180350645083795
5000,93,0.0001000100010001039,0.0004694909515759408
5000,94,9.998005919736312e-05,0.0004913027882711462
5000,95,0.00010000388370562605,0.0005056078088175172
5000,96,0.00010000200516906916,0.00048173499908254157
5000,97,0.00010001000100010404,0.00048419523687801946
5000,98,0.00010000017554219671,0.000529716003567165
5000,99,0.0001000051162434368,0.0004917907941336823
